TckrSymb,SctySrs,HghPric,LwPric,ClsPric,PrvsClsgPric,TtlTradgVol,TradDt
20MICRONS,EQ,210.0,202.63,204.23,209.81,119240,2026-07-24
21STCENMGM,EQ,37.11,35.81,37.11,36.39,2743,2026-07-24
360ONE,EQ,1105.0,1065.0,1102.3,1083.2,918262,2026-07-24
GOLD360,EQ,143.65,137.6,139.3,140.15,4149,2026-07-24
MSCI360,EQ,10.05,9.9,9.99,10.05,3373,2026-07-24
SILVER360,EQ,217.4,212.32,217.03,216.99,13655,2026-07-24
3BBLACKBIO,EQ,1301.8,1260.2,1278.1,1275.7,4086,2026-07-24
3IINFOLTD,EQ,20.23,19.41,19.74,20.43,1355100,2026-07-24
3MINDIA,EQ,35790.0,34915.0,35500.0,35245.0,2736,2026-07-24
3PLAND,EQ,32.49,31.5,31.57,31.85,1224,2026-07-24
5PAISA,EQ,373.55,363.1,373.1,367.3,23335,2026-07-24
63MOONS,EQ,711.65,686.0,708.3,704.0,177622,2026-07-24
ABCOTS,EQ,203.59,198.42,200.38,200.38,6206,2026-07-24
ABINFRA,EQ,10.95,9.78,10.32,10.01,680928,2026-07-24
ABMKNO,EQ,199.0,190.0,190.11,197.61,183,2026-07-24
ACSTECH,EQ,42.24,39.2,40.82,40.23,360328,2026-07-24
AKCAPIT,EQ,1814.0,1749.1,1759.5,1756.0,4790,2026-07-24
A2ZINFRA,EQ,12.6,12.0,12.46,12.12,170866,2026-07-24
AAATECH,EQ,90.8,88.84,89.66,90.55,11408,2026-07-24
AADHARHFC,EQ,502.95,492.5,495.0,500.8,136978,2026-07-24
AAKASH,EQ,9.38,8.67,8.92,9.15,313973,2026-07-24
AARNAV,EQ,29.18,28.11,28.32,28.7,34548,2026-07-24
AARON,EQ,135.25,111.5,135.25,112.71,364489,2026-07-24
AARTIDRUGS,EQ,410.0,401.0,404.5,410.0,82935,2026-07-24
AARTIIND,EQ,480.55,469.0,477.8,478.2,309677,2026-07-24
AARTIPHARM,EQ,684.45,654.85,673.8,659.8,119965,2026-07-24
AARTISURF,EQ,387.0,374.3,381.6,385.8,6247,2026-07-24
AARVI,EQ,158.69,153.01,154.89,156.63,15483,2026-07-24
AASTHA,EQ,105.97,101.96,102.62,103.0,17809358,2026-07-24
AAVAS,EQ,1399.9,1350.0,1379.0,1385.9,62171,2026-07-24
AFSL,EQ,202.84,201.0,201.0,201.06,10465,2026-07-24
ABB,EQ,7583.0,7333.0,7375.5,7528.0,258917,2026-07-24
ABBOTINDIA,EQ,28050.0,27650.0,28005.0,28690.0,10811,2026-07-24
ABMINTLLTD,EQ,42.0,40.69,41.02,42.07,794,2026-07-24
ACC,EQ,1354.7,1312.0,1340.9,1333.9,470047,2026-07-24
ACCELYA,EQ,1163.9,1135.0,1158.9,1145.8,7198,2026-07-24
ACEINTEG,EQ,19.96,19.14,19.7,19.6,1076,2026-07-24
ACMESOLAR,EQ,374.9,361.4,365.85,363.05,2104262,2026-07-24
ACE,EQ,1051.0,971.6,1039.4,979.0,2105588,2026-07-24
ACUTAAS,EQ,3457.1,3209.0,3259.5,3459.1,1243383,2026-07-24
ADANIENSOL,EQ,1713.9,1668.8,1702.2,1683.8,2585952,2026-07-24
ADANIENT,EQ,3041.9,2992.5,3026.4,3010.0,1280635,2026-07-24
ADANIGREEN,EQ,1405.0,1352.0,1395.1,1379.9,5247088,2026-07-24
ADANIPORTS,EQ,1784.9,1755.2,1768.3,1778.5,1685770,2026-07-24
ADANIPOWER,EQ,215.1,210.1,213.66,212.23,29273015,2026-07-24
ATGL,EQ,664.0,648.75,652.85,662.6,1062001,2026-07-24
ADFFOODS,EQ,308.5,286.05,307.05,296.65,224298,2026-07-24
ABSLAMC,EQ,1022.4,974.0,1017.0,986.0,546485,2026-07-24
ABCAPITAL,EQ,395.3,384.35,393.85,392.25,3424162,2026-07-24
ABFRL,EQ,56.75,55.1,56.25,56.03,2288618,2026-07-24
ABLBL,EQ,94.5,91.9,94.01,92.85,276457,2026-07-24
BIRLAMONEY,EQ,134.16,129.35,131.99,132.79,47154,2026-07-24
ABREL,EQ,1394.5,1359.1,1374.2,1398.1,113460,2026-07-24
CPPLUS,EQ,3598.0,3479.5,3543.4,3612.6,150044,2026-07-24
AVL,EQ,617.8,602.7,611.05,619.5,229342,2026-07-24
BSLGOLDETF,EQ,125.91,124.26,125.49,126.43,103686,2026-07-24
BSLNIFTY,EQ,28.7,27.69,27.88,28.0,1826643,2026-07-24
ADOR,EQ,1520.0,1439.1,1493.9,1462.7,46158,2026-07-24
ADROITINFO,EQ,9.3,8.91,9.25,9.17,15677,2026-07-24
ADVAIT,EQ,2259.9,2162.7,2252.4,2239.5,27825,2026-07-24
ADVANCE,EQ,112.0,106.92,109.89,110.2,140590,2026-07-24
ADVENZYMES,EQ,319.3,309.45,317.35,314.25,100149,2026-07-24
ADVANIHOTR,EQ,51.99,50.83,51.12,51.33,22036,2026-07-24
ADVENTHTL,EQ,147.58,140.0,142.31,144.32,299994,2026-07-24
RAMBHAJO,EQ,202.23,192.4,194.07,202.34,226098,2026-07-24
AEGISLOG,EQ,1360.0,1298.4,1349.6,1368.9,1168708,2026-07-24
AEGISVOPAK,EQ,296.0,282.25,292.64,294.82,1300277,2026-07-24
AEQUS,EQ,230.4,220.0,229.23,221.59,3121246,2026-07-24
AEROENTER,EQ,129.69,120.1,127.3,123.6,704414,2026-07-24
AEROFLEX,EQ,437.8,403.65,420.85,420.1,2248858,2026-07-24
AERONEU,EQ,87.46,84.11,85.38,85.96,44090,2026-07-24
AETHER,EQ,1442.7,1400.2,1427.5,1435.5,186183,2026-07-24
AFCONS,EQ,288.95,279.15,285.95,283.8,718967,2026-07-24
AFFLE,EQ,1470.0,1419.1,1445.3,1461.0,238606,2026-07-24
AGARIND,EQ,481.75,471.1,477.7,486.65,20588,2026-07-24
AGI,EQ,680.45,657.5,672.85,669.75,68125,2026-07-24
AGIIL,EQ,319.75,310.65,311.75,317.35,670622,2026-07-24
AGROPHOS,EQ,29.87,28.54,29.04,29.08,15185,2026-07-24
AHLADA,EQ,38.4,37.2,38.01,37.6,6747,2026-07-24
AHLUCONT,EQ,838.55,791.1,827.7,800.2,140514,2026-07-24
AIAENG,EQ,4612.0,4505.5,4583.0,4582.0,36931,2026-07-24
AIRAN,EQ,15.35,14.94,15.03,15.22,38460,2026-07-24
AIROLAM,EQ,86.89,84.25,85.88,87.15,2177,2026-07-24
AJANTPHARM,EQ,3455.8,3358.5,3369.5,3439.9,50410,2026-07-24
AJAXENGG,EQ,580.0,557.4,567.6,572.6,27055,2026-07-24
AJMERA,EQ,124.8,121.22,122.57,123.1,261697,2026-07-24
AJOONI,EQ,4.22,3.9,4.03,3.95,660297,2026-07-24
AKASH,EQ,27.04,26.27,26.95,26.62,1251,2026-07-24
AKG,EQ,10.8,9.01,10.46,9.32,77896,2026-07-24
AKI,EQ,4.46,4.23,4.26,4.44,112055,2026-07-24
AFIL,EQ,9.53,9.11,9.21,9.27,786350,2026-07-24
AKSHAR,EQ,0.43,0.41,0.42,0.42,294708,2026-07-24
AKUMS,EQ,692.9,678.1,687.3,695.9,146336,2026-07-24
ALANKIT,EQ,8.06,7.75,7.96,7.9,38370,2026-07-24
ALBERTDAVD,EQ,699.7,680.2,698.35,683.55,1133,2026-07-24
ALEMBICLTD,EQ,88.8,86.81,87.94,88.3,234145,2026-07-24
APLLTD,EQ,803.1,787.4,797.6,798.35,36166,2026-07-24
ALGOQUANT,EQ,70.0,65.17,68.41,65.42,2380736,2026-07-24
ALICON,EQ,650.0,625.0,636.35,637.1,7112,2026-07-24
ALIVUS,EQ,1115.1,1086.1,1101.2,1102.8,28113,2026-07-24
ALKEM,EQ,5644.5,5561.5,5633.5,5602.0,55151,2026-07-24
ALKYLAMINE,EQ,1810.8,1764.9,1789.5,1812.2,46231,2026-07-24
ALLTIME,EQ,225.0,219.0,220.87,223.86,71787,2026-07-24
AGL,EQ,12.75,12.21,12.58,12.7,2678802,2026-07-24
ALLCARGO,EQ,8.11,7.89,8.06,7.99,3196864,2026-07-24
ATL,EQ,23.08,22.18,22.81,22.81,78830,2026-07-24
ALLDIGI,EQ,838.0,809.5,822.75,836.05,9915,2026-07-24
ABDL,EQ,626.7,580.0,620.75,602.55,917748,2026-07-24
ADSL,EQ,121.7,111.51,118.14,113.93,560121,2026-07-24
ALMONDZ,EQ,13.15,12.7,12.86,12.98,53051,2026-07-24
ALOKINDS,EQ,12.13,11.93,12.07,12.02,2737970,2026-07-24
ALPA,EQ,68.0,65.0,67.17,66.81,8160,2026-07-24
ALPHAGEO,EQ,206.9,196.98,204.65,200.77,4649,2026-07-24
AMAGI,EQ,653.95,605.2,609.05,655.35,587821,2026-07-24
ARE&M,EQ,885.55,865.45,872.9,876.4,631693,2026-07-24
AMBALALSA,EQ,33.0,31.6,32.39,32.66,32650,2026-07-24
AMBER,EQ,7399.0,7214.5,7261.5,7430.0,351056,2026-07-24
AMBICAAGAR,EQ,25.36,24.26,24.64,24.66,1726,2026-07-24
AMBIKCO,EQ,1749.9,1657.5,1708.2,1697.1,22297,2026-07-24
AMBUJACEM,EQ,427.5,415.45,425.15,423.55,1403208,2026-07-24
AMDIND,EQ,51.9,46.51,49.68,48.88,28455,2026-07-24
AMNPLST,EQ,198.02,191.0,194.27,194.59,8244,2026-07-24
AEROPLANE,EQ,190.77,181.73,187.84,189.37,882981,2026-07-24
AMJLAND,EQ,38.19,36.61,37.99,37.28,13373,2026-07-24
AMRUTANJAN,EQ,518.0,505.05,509.0,519.8,65158,2026-07-24
ARSSBL,EQ,513.15,500.0,508.2,508.6,145302,2026-07-24
ANANDRATHI,EQ,2056.8,2002.1,2042.1,2049.1,231997,2026-07-24
ANANTRAJ,EQ,591.65,576.0,586.55,587.15,3000923,2026-07-24
ACL,EQ,48.48,46.34,47.06,47.64,15817,2026-07-24
ANDHRAPAP,EQ,63.0,60.8,61.33,62.08,452521,2026-07-24
ANDHRSUGAR,EQ,87.1,83.51,86.33,85.42,301296,2026-07-24
ANGELONE,EQ,310.8,301.2,307.95,306.05,3428982,2026-07-24
APCL,EQ,103.24,100.42,102.97,103.24,3837,2026-07-24
AHCL,EQ,15.15,14.81,15.01,15.08,2826907,2026-07-24
ANMOL,EQ,10.28,10.0,10.14,10.22,23410,2026-07-24
ANTGRAPHIC,EQ,0.77,0.75,0.75,0.75,106797,2026-07-24
ANTELOPUS,EQ,907.75,865.15,894.45,893.75,93995,2026-07-24
ANTHEM,EQ,779.4,767.35,769.9,777.85,242556,2026-07-24
AWHCL,EQ,436.5,428.0,433.4,435.35,43922,2026-07-24
ANUHPHR,EQ,79.75,77.56,79.07,79.45,17342,2026-07-24
ANURAS,EQ,1259.9,1214.6,1249.6,1239.1,281938,2026-07-24
AONEGOLD,EQ,13.42,13.15,13.3,13.42,757235,2026-07-24
AONELIQUID,EQ,1069.81,1069.78,1069.79,1069.36,38925,2026-07-24
AONENIFTY,EQ,10.1,9.75,9.82,9.86,144752,2026-07-24
AONESILVER,EQ,8.46,8.25,8.39,8.44,661510,2026-07-24
AONETMMQ50,EQ,10.16,9.9,9.94,10.0,873829,2026-07-24
AONETOTAL,EQ,11.92,11.6,11.68,11.69,162277,2026-07-24
APARINDS,EQ,14685.0,13282.0,13889.0,13423.0,485027,2026-07-24
APCOTEXIND,EQ,579.75,555.0,561.05,560.6,181899,2026-07-24
APEX,EQ,388.2,378.2,381.0,382.35,99690,2026-07-24
APLAPOLLO,EQ,1834.8,1802.5,1822.8,1830.9,230999,2026-07-24
APOLLOHOSP,EQ,8869.5,8792.5,8805.5,8862.0,189462,2026-07-24
APOLLO,EQ,396.15,385.95,394.3,395.5,4476533,2026-07-24
APOLLOPIPE,EQ,494.75,475.05,490.3,487.35,59507,2026-07-24
APOLSINHOT,EQ,1197.7,1164.2,1173.0,1180.3,833,2026-07-24
APOLLOTYRE,EQ,420.25,413.4,419.65,424.35,488448,2026-07-24
APTUS,EQ,284.5,276.5,277.15,284.7,932035,2026-07-24
AQYLON,EQ,26.61,26.25,26.25,27.63,1012703,2026-07-24
ACI,EQ,558.0,545.6,554.85,553.35,156065,2026-07-24
ADL,EQ,73.51,73.0,73.49,69.35,1357,2026-07-24
ARCHIDPLY,EQ,85.4,80.05,82.94,82.48,8680,2026-07-24
ARCHIES,EQ,14.0,13.73,13.75,13.97,2135,2026-07-24
ARFIN,EQ,92.5,89.0,91.99,90.34,1809673,2026-07-24
ARIES,EQ,348.15,331.35,341.05,339.65,15771,2026-07-24
ARIHANTCAP,EQ,82.5,79.32,81.62,81.45,967198,2026-07-24
ARIHANT,EQ,1039.4,930.1,1021.7,969.8,5725,2026-07-24
ARIHANTSUP,EQ,263.8,255.4,262.6,257.7,9903,2026-07-24
ARIS,EQ,126.8,121.61,123.06,122.19,1428668,2026-07-24
ARKADE,EQ,140.75,133.0,135.61,140.34,398950,2026-07-24
ARMANFIN,EQ,1988.4,1902.0,1917.3,1926.0,43603,2026-07-24
AROGRANITE,EQ,25.8,24.51,25.01,25.15,2877,2026-07-24
ARTNIRMAN,EQ,40.5,38.7,40.19,38.68,291,2026-07-24
AEPL,EQ,15.42,14.7,14.96,15.19,15091,2026-07-24
ARTEMISMED,EQ,277.5,267.3,275.75,271.85,104825,2026-07-24
ARVEE,EQ,160.54,147.15,153.66,158.39,462,2026-07-24
ARVINDFASN,EQ,476.0,460.1,462.65,477.8,302548,2026-07-24
ARVIND,EQ,529.0,505.8,527.2,513.45,278288,2026-07-24
ARVSMART,EQ,637.9,587.3,608.8,591.05,127890,2026-07-24
ASAHIINDIA,EQ,892.0,863.95,888.3,872.45,43801,2026-07-24
ASAHISONG,EQ,336.0,317.0,332.95,318.9,63845,2026-07-24
ASHAPURMIN,EQ,703.1,669.75,697.05,686.95,378083,2026-07-24
ASHIANA,EQ,389.0,375.1,386.7,379.25,69649,2026-07-24
ASHIKA,EQ,402.9,392.4,399.25,396.75,180568,2026-07-24
ASHIMASYN,EQ,17.19,16.74,16.85,16.95,96050,2026-07-24
ASHOKLEY,EQ,151.38,147.59,151.07,150.65,12276303,2026-07-24
ASHOKA,EQ,121.32,119.25,120.87,120.89,534290,2026-07-24
ASHOKAMET,EQ,14.55,14.02,14.16,14.23,12306,2026-07-24
ASIANENE,EQ,362.7,341.55,355.7,350.6,217670,2026-07-24
ASIANTILES,EQ,56.99,52.1,53.47,51.88,72415948,2026-07-24
AHLEAST,EQ,150.85,143.25,146.23,150.05,3036,2026-07-24
ASIANHOTNR,EQ,327.8,280.2,306.65,291.0,542969,2026-07-24
ASIANPAINT,EQ,2657.1,2620.1,2637.9,2668.8,645563,2026-07-24
ASTAR,EQ,610.1,600.0,606.5,610.1,22,2026-07-24
ASKAUTOLTD,EQ,512.35,497.15,509.3,502.95,512575,2026-07-24
ASPINWALL,EQ,252.98,247.0,250.4,249.03,463,2026-07-24
ASALCBR,EQ,830.2,793.05,821.45,804.4,49142,2026-07-24
ASTEC,EQ,667.0,638.05,659.1,665.55,18024,2026-07-24
ASTERDM,EQ,791.9,770.0,785.65,784.3,731330,2026-07-24
ASTRAMICRO,EQ,1818.0,1750.0,1813.4,1783.1,304402,2026-07-24
ASTRAL,EQ,1476.8,1402.4,1468.1,1413.4,1157687,2026-07-24
ASTRAZEN,EQ,8024.5,7827.0,8005.5,7872.0,14182,2026-07-24
ATALREAL,EQ,32.17,31.0,31.44,30.99,9521105,2026-07-24
ATAM,EQ,66.89,65.01,65.88,66.12,4034,2026-07-24
ATHERENERG,EQ,1224.7,1188.1,1208.7,1233.2,3613338,2026-07-24
ATLANTAELE,EQ,1617.6,1550.0,1589.8,1540.6,148198,2026-07-24
ATLANTAA,EQ,36.68,34.71,35.18,36.15,64100,2026-07-24
ATLASCYCLE,EQ,99.0,97.0,97.1,97.95,1408,2026-07-24
ATULAUTO,EQ,477.7,461.95,473.4,473.7,82160,2026-07-24
ATUL,EQ,6524.5,6077.0,6407.5,6130.0,403648,2026-07-24
AUBANK,EQ,1015.9,967.4,1004.0,978.7,1826523,2026-07-24
AURIONPRO,EQ,829.0,800.0,825.45,808.45,86003,2026-07-24
AUROPHARMA,EQ,1541.0,1512.0,1532.0,1523.4,446834,2026-07-24
AURUM,EQ,227.0,220.0,221.25,226.19,114511,2026-07-24
AURUS,EQ,4.95,4.73,4.8,4.83,4331,2026-07-24
AIIL,EQ,540.35,525.0,531.1,540.65,164861,2026-07-24
AUTOAXLES,EQ,1814.0,1776.1,1798.9,1814.0,4410,2026-07-24
ASAL,EQ,555.0,494.85,508.75,546.55,139558,2026-07-24
AVALON,EQ,1765.0,1717.8,1741.5,1740.8,173064,2026-07-24
AVANTEL,EQ,164.39,160.4,163.49,164.47,1029362,2026-07-24
AVANTIFEED,EQ,984.4,952.0,977.05,959.2,261695,2026-07-24
DMART,EQ,4074.8,3990.0,4018.8,4035.0,332480,2026-07-24
CCAVENUE,EQ,16.57,15.85,16.34,16.15,10658537,2026-07-24
AVONMORE,EQ,9.8,9.22,9.39,9.61,107725,2026-07-24
AVROIND,EQ,9.15,8.65,8.82,8.8,57909,2026-07-24
AVTNPL,EQ,70.82,69.1,70.02,70.07,24474,2026-07-24
AWFIS,EQ,276.95,270.05,271.85,278.3,245295,2026-07-24
AWL,EQ,189.18,185.35,188.16,187.42,1118052,2026-07-24
AXISBANK,EQ,1233.9,1210.6,1227.3,1223.0,8088828,2026-07-24
BNKETFAXIS,EQ,586.07,577.9,583.85,583.37,246,2026-07-24
CONSUMAXIS,EQ,120.53,119.5,120.3,121.42,46171,2026-07-24
GOLDAXIS,EQ,119.0,117.3,118.7,119.6,2946927,2026-07-24
HEALTHAXIS,EQ,166.98,164.49,165.1,165.62,13795,2026-07-24
ITAXIS,EQ,317.99,311.0,316.49,315.31,263786,2026-07-24
NIFTYAXIS,EQ,263.68,261.16,263.28,263.93,89516,2026-07-24
SENSEXAXIS,EQ,79.11,78.45,79.07,79.38,6914,2026-07-24
SILVERAXIS,EQ,219.5,214.84,219.04,219.4,460491,2026-07-24
VALUEAXIS,EQ,32.78,32.18,32.55,32.52,66296,2026-07-24
AXISCADES,EQ,1618.6,1535.1,1608.0,1562.4,149242,2026-07-24
AXITA,EQ,7.43,7.31,7.36,7.31,193833,2026-07-24
AYE,EQ,175.44,164.71,172.03,170.78,1074084,2026-07-24
AYMSYNTEX,EQ,239.0,226.65,234.49,236.98,49271,2026-07-24
AZAD,EQ,2444.0,2333.0,2439.0,2347.8,688100,2026-07-24
BBTCL,EQ,220.08,211.1,217.09,213.42,5178,2026-07-24
BAGFILMS,EQ,4.6,4.43,4.54,4.57,28175,2026-07-24
BLKASHYAP,EQ,55.34,53.65,54.56,54.83,310889,2026-07-24
BAIDFIN,EQ,10.9,9.42,9.86,9.88,69838,2026-07-24
BAJAJ-AUTO,EQ,11320.0,11100.0,11130.0,11283.5,442440,2026-07-24
BAJAJCON,EQ,559.2,540.25,549.8,555.9,446292,2026-07-24
BAJAJELEC,EQ,331.9,321.1,328.9,326.2,55400,2026-07-24
BAJFINANCE,EQ,1030.2,1001.3,1012.8,1039.8,18416962,2026-07-24
BAJAJFINSV,EQ,1892.9,1866.5,1876.7,1889.4,1412443,2026-07-24
BAJAJHCARE,EQ,326.0,313.35,323.35,317.7,301696,2026-07-24
BAJAJHIND,EQ,17.4,16.58,17.29,16.82,5751687,2026-07-24
BAJAJHLDNG,EQ,10750.0,10555.0,10679.0,10636.0,73470,2026-07-24
BAJAJHFL,EQ,84.52,83.55,84.19,84.81,3387116,2026-07-24
BAJAJST,EQ,410.5,375.7,395.7,388.2,42514,2026-07-24
BAJEL,EQ,180.75,175.95,178.9,179.18,89469,2026-07-24
BALPHARMA,EQ,87.94,86.21,87.34,88.39,30207,2026-07-24
BALAMINES,EQ,2332.7,2123.5,2174.5,2349.2,290913,2026-07-24
BALAJITELE,EQ,85.25,83.32,84.04,85.3,47289,2026-07-24
BALKRISIND,EQ,2030.0,1982.1,2013.5,2011.4,64236,2026-07-24
BALKRISHNA,EQ,18.74,17.4,17.54,17.93,7098,2026-07-24
BALMLAWRIE,EQ,175.68,173.7,174.6,175.74,66405,2026-07-24
BLIL,EQ,70.2,69.6,69.88,70.17,32619,2026-07-24
BALRAMCHIN,EQ,620.5,607.25,610.15,612.8,237043,2026-07-24
BALUFORGE,EQ,435.0,425.0,433.6,431.8,237564,2026-07-24
BANARBEADS,EQ,124.0,111.28,121.95,114.1,22613,2026-07-24
BANCOINDIA,EQ,615.5,588.0,608.45,608.05,241401,2026-07-24
BANDHANBNK,EQ,167.71,161.95,165.93,165.84,29585433,2026-07-24
GOLDBND,EQ,143.25,141.0,142.5,143.25,37361,2026-07-24
IDFNIFTYET,EQ,263.0,260.98,262.78,263.42,276,2026-07-24
SILVERBND,EQ,222.47,216.82,221.58,221.67,7975,2026-07-24
BANG,EQ,28.4,27.23,28.1,27.23,23369,2026-07-24
BANKBARODA,EQ,247.1,239.25,246.45,243.15,8475748,2026-07-24
BANKINDIA,EQ,143.2,139.82,142.62,142.2,7635246,2026-07-24
MAHABANK,EQ,81.49,78.02,81.03,78.48,18251458,2026-07-24
BANARISUG,EQ,3515.0,3475.0,3501.8,3491.0,160,2026-07-24
BANSALWIRE,EQ,325.0,307.2,324.0,307.25,264854,2026-07-24
BANSWRAS,EQ,129.0,125.8,127.94,127.59,20272,2026-07-24
BVCL,EQ,41.3,40.51,40.79,40.78,1525,2026-07-24
BBNPNBETF,EQ,58.14,56.38,57.22,57.0,485,2026-07-24
BBNPPGOLD,EQ,140.75,136.4,137.9,138.75,3049,2026-07-24
BASF,EQ,3698.0,3626.0,3670.2,3698.0,11446,2026-07-24
BATAINDIA,EQ,694.45,667.0,689.95,676.25,170171,2026-07-24
BATLIBOI,EQ,87.8,83.0,84.93,87.17,26096,2026-07-24
BAYERCROP,EQ,4272.0,4210.0,4217.5,4275.6,20517,2026-07-24
BCLIND,EQ,35.95,34.45,35.74,34.97,595940,2026-07-24
BCPL,EQ,70.99,69.01,70.39,70.07,2768,2026-07-24
BEARDSELL,EQ,27.99,26.62,27.64,27.16,12102,2026-07-24
BEDMUTHA,EQ,108.8,106.0,106.89,106.41,1628,2026-07-24
BEEKAY,EQ,411.95,386.35,400.4,401.95,3806,2026-07-24
BELLACASA,EQ,253.4,236.6,239.5,244.75,77588,2026-07-24
BELRISE,EQ,230.32,224.0,228.26,229.31,2981139,2026-07-24
BLAL,EQ,180.99,175.0,175.92,177.43,15413,2026-07-24
BEML,EQ,1730.0,1697.0,1713.2,1730.7,106026,2026-07-24
BENGALASM,EQ,6210.0,6195.5,6202.0,6217.0,30,2026-07-24
BERGEPAINT,EQ,499.9,488.9,497.95,493.6,99047,2026-07-24
BESTAGRO,EQ,15.39,14.95,15.16,15.13,134875,2026-07-24
BETA,EQ,2340.0,2242.2,2315.6,2277.2,19164,2026-07-24
BFINVEST,EQ,464.4,438.5,460.05,451.1,101143,2026-07-24
BFUTILITIE,EQ,582.6,564.3,580.4,580.5,44867,2026-07-24
BANK10BETF,EQ,21.77,20.17,20.97,24.9,82583,2026-07-24
BANKBETF,EQ,57.85,57.04,57.76,57.59,11570,2026-07-24
LIQUIDBETF,EQ,1091.82,1091.8,1091.81,1091.38,329598,2026-07-24
NIFTYBETF,EQ,245.83,242.86,244.94,245.83,1665,2026-07-24
BHAGCHEM,EQ,266.95,255.1,263.45,258.85,44505,2026-07-24
BEPL,EQ,122.84,116.25,121.81,117.23,8891160,2026-07-24
BBL,EQ,2546.6,2449.0,2519.4,2509.0,26884,2026-07-24
BHARATCOAL,EQ,35.29,34.04,34.99,34.84,8061215,2026-07-24
BDL,EQ,1251.2,1221.0,1243.0,1239.8,550236,2026-07-24
BEL,EQ,406.1,401.0,405.0,405.35,6176660,2026-07-24
BHARATFORG,EQ,2169.0,2128.1,2151.6,2175.3,634484,2026-07-24
BPCL,EQ,311.8,305.5,310.15,309.85,5796307,2026-07-24
BHARATRAS,EQ,1272.7,1250.0,1261.1,1266.6,10330,2026-07-24
BRNL,EQ,18.8,17.2,18.06,17.45,30941,2026-07-24
BHARATSE,EQ,220.95,208.44,218.14,215.44,232003,2026-07-24
BHARATWIRE,EQ,194.86,188.86,193.31,194.27,141718,2026-07-24
BHARTIARTL,EQ,1905.0,1878.0,1898.2,1931.0,4483600,2026-07-24
BHARTIHEXA,EQ,1612.5,1571.2,1607.6,1608.0,61953,2026-07-24
BIL,EQ,760.0,725.0,729.9,740.15,1190,2026-07-24
BHEL,EQ,418.0,402.15,417.3,409.6,8874814,2026-07-24
BIGBLOC,EQ,48.48,46.1,47.75,46.49,47542,2026-07-24
BIKAJI,EQ,639.65,624.55,630.7,630.8,54522,2026-07-24
BI,EQ,60.99,59.25,59.27,61.51,3990,2026-07-24
GROWW,EQ,204.98,200.25,202.15,202.5,17472638,2026-07-24
BIMETAL,EQ,679.0,632.0,667.4,649.2,312,2026-07-24
BIOCON,EQ,435.0,426.7,433.65,435.2,2748079,2026-07-24
BIOFILCHEM,EQ,33.2,31.61,32.07,32.44,4169,2026-07-24
BIRLACORPN,EQ,979.0,939.0,956.6,974.05,199139,2026-07-24
BIRLAPREC,EQ,34.77,33.5,34.19,34.64,22245,2026-07-24
BIRLANU,EQ,1369.8,1330.2,1351.9,1347.0,6522,2026-07-24
ABGSEC,EQ,114.77,113.11,113.32,114.77,459,2026-07-24
ABSL10BANK,EQ,168.98,166.8,168.46,169.06,10794,2026-07-24
ABSLBANETF,EQ,58.34,57.45,58.25,58.1,212784,2026-07-24
ABSLLIQUID,EQ,1000.01,999.99,1000.0,1000.0,7068,2026-07-24
ABSLMSCIN,EQ,29.16,28.97,29.13,29.08,735,2026-07-24
ABSLNN50ET,EQ,75.61,74.58,75.56,75.36,3937,2026-07-24
BSLSENETFG,EQ,77.51,76.02,76.54,76.83,10126,2026-07-24
HEALTHY,EQ,16.83,16.65,16.68,16.73,280416,2026-07-24
MOMENTUM,EQ,30.99,30.25,30.38,30.64,34494,2026-07-24
NIFTYQLITY,EQ,21.2,20.91,21.16,21.03,43782,2026-07-24
SILVER,EQ,220.78,215.75,220.42,220.64,1231869,2026-07-24
TECH,EQ,32.2,30.5,31.37,31.2,35542,2026-07-24
ABSLPSE,EQ,10.35,10.23,10.33,10.35,70463,2026-07-24
BSOFT,EQ,286.0,277.25,282.4,278.95,1171839,2026-07-24
BBOX,EQ,786.85,769.35,778.45,786.6,213912,2026-07-24
BLACKBUCK,EQ,543.9,533.1,539.35,544.25,138956,2026-07-24
BLBLIMITED,EQ,16.43,15.4,15.7,15.77,21255,2026-07-24
BLSE,EQ,287.7,260.01,282.32,263.47,4956426,2026-07-24
BLS,EQ,234.95,226.55,233.6,230.3,814649,2026-07-24
BLUEDART,EQ,4975.0,4716.1,4911.5,4765.4,35686,2026-07-24
BLUEJET,EQ,595.75,563.7,566.9,576.5,1101312,2026-07-24
BLUESTARCO,EQ,1654.4,1601.3,1637.2,1633.9,253186,2026-07-24
BLUESTONE,EQ,792.3,712.0,772.4,747.0,26038844,2026-07-24
BLUSPRING,EQ,109.0,100.9,108.42,104.31,319346,2026-07-24
BMWVENTLTD,EQ,57.28,56.12,56.52,57.0,43696,2026-07-24
BTML,EQ,7.29,5.25,6.96,6.08,3313634,2026-07-24
BOHRAIND,EQ,12.99,12.31,12.62,12.81,36261,2026-07-24
BBTC,EQ,1469.0,1434.4,1458.2,1469.5,21332,2026-07-24
BOMDYEING,EQ,121.9,117.9,121.71,120.4,339888,2026-07-24
BONLON,EQ,42.37,40.22,40.92,41.77,3778,2026-07-24
BORANA,EQ,333.0,315.0,327.45,326.85,29735,2026-07-24
BOROLTD,EQ,237.49,226.37,232.34,233.45,72312,2026-07-24
BORORENEW,EQ,582.4,570.45,580.65,577.9,367645,2026-07-24
BOROSCI,EQ,154.0,151.0,152.09,152.47,30948,2026-07-24
BOSCH-HCIL,EQ,1335.0,1300.5,1332.8,1311.2,8658,2026-07-24
BOSCHLTD,EQ,42200.0,41500.0,41755.0,42240.0,20543,2026-07-24
BPL,EQ,54.49,53.11,53.78,54.09,32716,2026-07-24
FIRSTCRY,EQ,209.49,205.02,208.3,209.34,348144,2026-07-24
BCONCEPTS,EQ,190.84,185.1,186.53,189.14,4502,2026-07-24
BRIGADE,EQ,528.55,515.6,525.45,526.8,221965,2026-07-24
BRIGHOTEL,EQ,61.72,59.98,60.16,61.41,109432,2026-07-24
BCG,EQ,9.49,9.22,9.4,9.36,2252865,2026-07-24
BRITANNIA,EQ,5450.0,5316.5,5379.5,5388.0,208047,2026-07-24
BSE,EQ,3571.6,3526.0,3549.7,3579.0,1386676,2026-07-24
BSL,EQ,126.0,122.14,124.74,124.46,2310,2026-07-24
BUTTERFLY,EQ,763.4,731.7,761.9,756.7,17396,2026-07-24
MAPMYINDIA,EQ,1135.0,1073.0,1117.1,1081.85,399157,2026-07-24
CMLL,EQ,538.75,463.35,528.2,424.0,23156167,2026-07-24
CTE,EQ,32.17,30.7,31.5,31.35,4890,2026-07-24
CAMLINFINE,EQ,125.0,118.75,124.47,120.61,470517,2026-07-24
CAMPUS,EQ,220.48,215.55,216.55,219.16,647461,2026-07-24
CANFINHOME,EQ,819.5,799.0,813.9,818.55,317704,2026-07-24
CANBK,EQ,126.83,123.0,125.65,125.22,36714624,2026-07-24
CANHLIFE,EQ,151.7,147.0,147.31,152.91,551464,2026-07-24
CRAMC,EQ,264.89,256.55,259.95,266.02,962997,2026-07-24
CANTABIL,EQ,244.8,233.28,239.83,241.15,138860,2026-07-24
CAPACITE,EQ,214.45,211.0,212.75,214.35,297746,2026-07-24
CAPILLARY,EQ,483.1,471.2,476.25,477.05,7996,2026-07-24
CIFL,EQ,20.93,19.8,20.05,20.49,115314,2026-07-24
CAPITALSFB,EQ,298.15,287.0,292.0,299.55,92246,2026-07-24
CAPTRUST,EQ,15.48,14.65,14.65,15.42,89085,2026-07-24
CAPLIPOINT,EQ,2515.1,2451.4,2467.1,2486.6,70836,2026-07-24
CGCL,EQ,241.61,237.01,238.23,243.71,1109602,2026-07-24
CPL,EQ,70.92,68.0,69.84,70.89,15889,2026-07-24
CARBORUNIV,EQ,1072.0,1035.5,1064.3,1056.1,110297,2026-07-24
CARERATING,EQ,1749.9,1651.0,1680.0,1729.2,44292,2026-07-24
CPEDU,EQ,190.9,181.1,186.47,187.95,2998,2026-07-24
CARRARO,EQ,541.8,526.0,534.0,537.05,93645,2026-07-24
CARTRADE,EQ,2741.6,2635.6,2656.4,2692.2,376776,2026-07-24
CARYSIL,EQ,1144.7,1094.2,1125.7,1116.5,99644,2026-07-24
CASTROLIND,EQ,186.35,184.0,184.79,185.29,1334968,2026-07-24
CCL,EQ,1199.5,1165.5,1183.6,1185.3,55391,2026-07-24
CEATLTD,EQ,3357.0,3310.3,3328.6,3344.5,116666,2026-07-24
CEIGALL,EQ,338.65,329.1,337.1,336.05,263186,2026-07-24
CEINSYS,EQ,885.0,855.1,870.05,870.35,28693,2026-07-24
CELEBRITY,EQ,7.28,6.93,7.04,7.17,17641,2026-07-24
CELLO,EQ,346.0,336.6,344.3,340.25,160528,2026-07-24
CEMPRO,EQ,1467.6,1441.0,1441.0,1516.8,222376,2026-07-24
CENTRALBK,EQ,31.17,30.52,31.03,30.95,7107736,2026-07-24
CDSL,EQ,1340.0,1305.0,1333.1,1323.4,969219,2026-07-24
CMPDI,EQ,254.9,245.8,248.43,253.57,2726233,2026-07-24
CENTRUM,EQ,23.97,22.76,23.66,23.18,111324,2026-07-24
CENTUM,EQ,3650.4,3530.0,3593.8,3570.7,15364,2026-07-24
CENTENKA,EQ,583.5,555.35,574.2,565.25,61703,2026-07-24
CENTEXT,EQ,19.22,18.52,18.95,18.96,26127,2026-07-24
CENTURYPLY,EQ,800.0,761.95,792.2,773.65,33967,2026-07-24
CERA,EQ,6065.0,5952.0,6017.0,6021.0,3265,2026-07-24
CESC,EQ,163.69,161.52,163.18,162.68,551918,2026-07-24
CGPOWER,EQ,894.0,838.8,867.7,883.8,9684764,2026-07-24
CHALET,EQ,824.3,808.35,814.4,819.95,36008,2026-07-24
CLSEL,EQ,280.95,273.6,279.8,279.85,30992,2026-07-24
CHAMBLFERT,EQ,434.0,425.1,431.0,431.85,431603,2026-07-24
CHEMPLASTS,EQ,207.79,198.61,202.29,209.9,400593,2026-07-24
CHENNPETRO,EQ,1281.9,1209.0,1214.8,1269.6,1544056,2026-07-24
CHEVIOT,EQ,1172.0,1120.1,1153.6,1130.5,4259,2026-07-24
CHOICEIN,EQ,805.0,788.4,797.15,805.25,471316,2026-07-24
CHOICEGOLD,EQ,142.16,139.93,141.55,142.35,21611,2026-07-24
CHOLAHLDNG,EQ,1528.8,1491.2,1516.7,1516.0,68574,2026-07-24
CHOLAFIN,EQ,1741.3,1660.4,1724.4,1717.3,1912110,2026-07-24
CIEINDIA,EQ,416.8,401.9,413.75,419.0,1114765,2026-07-24
CINELINE,EQ,87.5,78.02,86.71,80.32,93602,2026-07-24
CINEVISTA,EQ,15.75,15.14,15.29,15.17,18663,2026-07-24
CIPLA,EQ,1444.8,1390.1,1410.6,1393.0,2917791,2026-07-24
CUB,EQ,220.99,217.01,219.75,219.89,1635177,2026-07-24
CLEANMAX,EQ,1472.0,1390.0,1456.9,1425.0,162549,2026-07-24
CLEAN,EQ,729.5,716.1,721.0,728.85,135581,2026-07-24
CMRGREEN,EQ,218.8,213.05,218.05,217.35,784000,2026-07-24
CMSINFO,EQ,278.0,268.05,273.9,271.7,380671,2026-07-24
COALINDIA,EQ,428.9,424.75,427.4,427.05,5403125,2026-07-24
COASTCORP,EQ,51.6,49.5,49.93,50.17,63862,2026-07-24
COCHINSHIP,EQ,1399.5,1375.3,1392.4,1395.7,543772,2026-07-24
COFORGE,EQ,1489.0,1430.0,1484.7,1439.9,3441351,2026-07-24
COHANCE,EQ,425.0,411.0,417.1,422.1,224345,2026-07-24
COLPAL,EQ,2103.8,2065.0,2086.1,2085.8,197445,2026-07-24
COMFINTE,EQ,5.61,5.41,5.44,5.49,69279,2026-07-24
COMSYN,EQ,181.77,177.02,178.52,180.02,56288,2026-07-24
COMPUSOFT,EQ,13.65,13.15,13.33,13.37,22788,2026-07-24
CAMS,EQ,766.75,747.35,761.45,758.15,966899,2026-07-24
CONCORDBIO,EQ,1272.2,1238.0,1248.5,1268.5,50664,2026-07-24
CEWATER,EQ,301.0,290.35,298.35,297.5,49404,2026-07-24
CONFIPET,EQ,79.5,73.5,78.3,74.45,3047292,2026-07-24
CCCL,EQ,16.11,15.79,15.88,15.98,143007,2026-07-24
CONCOR,EQ,484.2,474.4,477.55,480.5,579577,2026-07-24
CONTROLPR,EQ,595.9,561.0,590.55,573.7,99847,2026-07-24
CORALFINAC,EQ,36.74,30.61,32.5,31.33,98092,2026-07-24
COROMANDEL,EQ,1998.7,1955.0,1980.8,2022.9,182304,2026-07-24
CORONA,EQ,2120.9,2032.0,2113.0,2029.7,61596,2026-07-24
COSMOFIRST,EQ,886.3,862.0,881.0,877.55,98772,2026-07-24
CCHHL,EQ,12.9,12.3,12.74,12.73,10799,2026-07-24
COUNCODOS,EQ,6.65,6.25,6.4,6.52,81339,2026-07-24
CPSEETF,EQ,96.85,95.85,96.23,96.75,470595,2026-07-24
CRAFTSMAN,EQ,9312.0,9113.5,9284.0,9311.5,25045,2026-07-24
CREATIVEYE,EQ,7.16,5.7,6.66,5.97,448979,2026-07-24
CNL,EQ,1049.0,870.0,987.0,879.05,5646074,2026-07-24
CREDITACC,EQ,1522.0,1456.5,1517.6,1503.5,335461,2026-07-24
MUFTI,EQ,84.5,81.38,82.92,83.37,80754,2026-07-24
CREST,EQ,381.0,361.0,377.7,372.35,1826,2026-07-24
CRISIL,EQ,4420.8,4261.1,4347.2,4399.6,84133,2026-07-24
CRIZAC,EQ,187.65,183.12,184.44,186.86,218551,2026-07-24
CROMPTON,EQ,251.45,240.2,250.15,252.45,4490954,2026-07-24
CROWN,EQ,121.0,112.8,114.38,121.01,50491,2026-07-24
CSBBANK,EQ,342.2,331.45,340.9,338.15,366137,2026-07-24
CSLFINANCE,EQ,216.85,211.49,213.84,213.64,10258,2026-07-24
CSM,EQ,102.0,95.1,99.62,96.99,490228,2026-07-24
CUBEXTUB,EQ,79.16,76.22,76.99,77.61,50374,2026-07-24
CUMMINSIND,EQ,5652.5,5533.0,5600.5,5599.0,290705,2026-07-24
CUPID,EQ,213.99,206.09,213.43,208.52,25099817,2026-07-24
CURAA,EQ,72.0,65.11,71.37,69.46,406,2026-07-24
CYIENTDLM,EQ,680.85,654.05,670.45,665.1,740669,2026-07-24
CYIENT,EQ,873.0,814.45,840.05,830.65,2956680,2026-07-24
DLINKINDIA,EQ,454.9,433.3,452.2,440.8,173007,2026-07-24
DPABHUSHAN,EQ,1361.65,1307.15,1328.05,1350.15,43366,2026-07-24
DBCORP,EQ,210.9,203.99,208.75,208.27,153203,2026-07-24
DABUR,EQ,424.8,419.4,423.2,423.15,641619,2026-07-24
DALBHARAT,EQ,1872.1,1780.8,1810.8,1854.7,1119018,2026-07-24
DALMIASUG,EQ,364.0,356.3,361.95,363.1,46685,2026-07-24
DAMCAPITAL,EQ,159.98,153.61,157.88,157.6,324717,2026-07-24
DANGEE,EQ,3.07,2.87,2.95,3.01,102415,2026-07-24
DATAPATTNS,EQ,4668.3,4421.2,4584.5,4597.5,1344404,2026-07-24
DATAMATICS,EQ,830.05,814.35,821.5,833.9,79520,2026-07-24
DAVANGERE,EQ,3.49,3.24,3.42,3.29,9880418,2026-07-24
DCI,EQ,290.8,271.05,287.85,273.4,28337,2026-07-24
DCBBANK,EQ,189.6,184.75,186.24,189.72,1034468,2026-07-24
DCMSRIND,EQ,40.26,39.01,39.86,39.88,48418,2026-07-24
DCMSHRIRAM,EQ,1018.9,992.6,1005.8,1008.8,29673,2026-07-24
DCW,EQ,46.45,44.7,46.23,45.66,633362,2026-07-24
DCXINDIA,EQ,181.9,175.65,180.68,179.81,429789,2026-07-24
DDEVPLSTIK,EQ,278.0,267.4,275.65,272.25,60174,2026-07-24
DENORA,EQ,867.9,846.45,852.55,867.35,2641,2026-07-24
DECCANCE,EQ,564.4,550.3,553.65,559.85,8097,2026-07-24
DECNGOLD,EQ,195.49,187.3,194.52,193.93,940810,2026-07-24
DEEPINDS,EQ,484.4,453.6,479.6,459.5,339272,2026-07-24
DEEPAKFERT,EQ,1589.5,1559.2,1573.2,1580.3,119918,2026-07-24
DEEPAKNTR,EQ,1663.5,1634.5,1649.6,1653.8,91731,2026-07-24
DELHIVERY,EQ,466.8,458.15,462.55,465.45,2176831,2026-07-24
DELTACORP,EQ,63.43,61.53,62.99,62.53,621323,2026-07-24
DELTAMAGNT,EQ,58.9,55.0,55.83,57.31,8261,2026-07-24
DEN,EQ,27.35,26.62,27.16,26.97,296792,2026-07-24
DENTA,EQ,340.0,323.3,336.65,330.7,209624,2026-07-24
DEVX,EQ,34.39,33.0,33.9,34.06,36936,2026-07-24
DEVIT,EQ,26.18,25.77,26.07,26.04,19467,2026-07-24
DEVYANI,EQ,113.28,107.0,112.3,109.87,3027081,2026-07-24
DBOL,EQ,102.78,100.0,102.09,101.4,53471,2026-07-24
DHAMPURSUG,EQ,142.99,139.5,142.12,142.18,109650,2026-07-24
DHANBANK,EQ,34.62,33.26,34.29,34.36,1076129,2026-07-24
DHANUKA,EQ,1019.0,999.0,1013.3,1010.9,15754,2026-07-24
DHARMAJ,EQ,262.8,258.4,260.95,259.7,20361,2026-07-24
DHUNINV,EQ,895.25,850.0,864.7,890.8,734,2026-07-24
DTIL,EQ,134.69,130.24,132.36,133.17,3115,2026-07-24
DVL,EQ,245.85,239.77,243.97,242.86,6245,2026-07-24
DIAMINESQ,EQ,254.0,246.0,246.9,250.08,2085,2026-07-24
DIACABS,EQ,299.0,263.5,295.15,273.93,15515902,2026-07-24
DICIND,EQ,521.0,512.0,517.5,509.15,4921,2026-07-24
DIFFNKG,EQ,398.8,377.3,395.35,385.1,72764,2026-07-24
DGCONTENT,EQ,24.49,23.5,24.1,24.37,801,2026-07-24
DIGIDRIVE,EQ,18.35,17.61,17.95,17.95,6128,2026-07-24
DIGITIDE,EQ,101.8,98.0,101.22,101.42,180485,2026-07-24
DIGJAMLMTD,EQ,43.77,40.01,40.4,42.0,27304,2026-07-24
DNAMEDIA,EQ,2.81,2.72,2.79,2.78,7249,2026-07-24
DBL,EQ,433.75,381.55,420.25,386.8,17567771,2026-07-24
DISAQ,EQ,12169.0,11968.0,12110.0,12099.0,659,2026-07-24
DCAL,EQ,184.6,176.1,183.58,179.24,136614,2026-07-24
DIVGIITTS,EQ,960.0,905.55,945.6,931.65,20676,2026-07-24
DIVISLAB,EQ,7280.0,7177.0,7248.5,7305.0,328948,2026-07-24
DIXON,EQ,13898.0,13586.0,13846.0,13829.0,278708,2026-07-24
DJML,EQ,116.0,108.66,114.39,109.39,389557,2026-07-24
DLF,EQ,648.65,630.6,645.2,642.2,2002254,2026-07-24
DMCC,EQ,280.0,258.3,272.75,262.85,56294,2026-07-24
DODLA,EQ,1070.0,1024.6,1061.2,1037.3,19101,2026-07-24
DOLATALGO,EQ,70.0,67.22,68.76,68.29,114290,2026-07-24
DOLLAR,EQ,258.65,248.05,258.0,252.35,290796,2026-07-24
DOLPHIN,EQ,408.0,369.25,376.95,397.0,45492,2026-07-24
DOMS,EQ,2241.1,2201.5,2221.0,2230.1,49967,2026-07-24
DONEAR,EQ,87.3,82.66,85.79,84.37,12348,2026-07-24
AGARWALEYE,EQ,482.9,476.0,478.9,478.1,56096,2026-07-24
DRAGARWQ,EQ,5034.5,4957.0,5021.5,5016.5,164,2026-07-24
LALPATHLAB,EQ,1791.4,1650.9,1759.2,1687.1,1445810,2026-07-24
DRREDDY,EQ,1166.3,1131.4,1151.7,1166.3,4750512,2026-07-24
DRCSYSTEMS,EQ,13.54,13.07,13.41,13.42,23967,2026-07-24
DREAMFOLKS,EQ,68.25,65.5,67.03,66.79,34364,2026-07-24
DREDGECORP,EQ,1010.9,961.5,1003.3,984.6,133976,2026-07-24
KEEPLEARN,EQ,1.88,1.76,1.85,1.89,9483,2026-07-24
LIQUIDETF,EQ,1000.01,999.99,1000.0,999.99,93255,2026-07-24
BANK10ADD,EQ,16.9,16.69,16.83,16.86,1730421,2026-07-24
BANKADD,EQ,58.21,57.37,58.08,58.0,22955,2026-07-24
GOLDADD,EQ,138.98,137.15,138.61,139.63,103983,2026-07-24
ITADD,EQ,30.8,29.9,30.53,30.21,20570,2026-07-24
EQUAL50ADD,EQ,340.5,337.48,339.64,340.71,21133,2026-07-24
NIFTYADD,EQ,251.17,249.0,250.86,251.52,5302,2026-07-24
PSUBANKADD,EQ,85.7,83.15,84.48,84.03,22612,2026-07-24
PVTBANKADD,EQ,28.0,27.44,27.74,27.69,47235,2026-07-24
MIDQ50ADD,EQ,25.05,24.3,24.65,24.56,39318,2026-07-24
SENSEXADD,EQ,78.58,77.89,78.57,78.63,1564,2026-07-24
SILVERADD,EQ,212.99,208.05,212.4,212.84,271972,2026-07-24
FLEXIADD,EQ,10.1,9.82,9.92,9.9,70558,2026-07-24
FMCGADD,EQ,49.35,49.05,49.25,49.26,6909,2026-07-24
HEALTHADD,EQ,16.47,16.34,16.4,16.42,14094,2026-07-24
LIQUIDADD,EQ,1137.37,1137.34,1137.35,1136.9,743893,2026-07-24
MIDCAPADD,EQ,22.8,22.5,22.78,22.83,4003,2026-07-24
MSCIADD,EQ,29.19,28.9,29.06,29.31,4769,2026-07-24
NEXT30ADD,EQ,42.21,41.81,42.05,42.29,2952,2026-07-24
NEXT50ADD,EQ,73.5,71.52,72.24,72.23,6423,2026-07-24
SMALLADD,EQ,17.72,17.44,17.67,17.72,29231,2026-07-24
TOP10ADD,EQ,86.5,85.55,86.41,86.28,834900,2026-07-24
DUCON,EQ,3.03,2.81,3.01,3.0,129876,2026-07-24
DWARKESH,EQ,43.65,41.36,43.31,42.43,510306,2026-07-24
DSSL,EQ,1240.6,1160.0,1240.6,1181.6,34008,2026-07-24
DYNAMATECH,EQ,10497.0,10100.0,10458.0,10181.0,8615,2026-07-24
DYCL,EQ,425.0,397.0,402.4,406.0,1153622,2026-07-24
DYNPRO,EQ,237.44,230.25,231.33,234.08,3465,2026-07-24
E2E,EQ,516.7,492.1,516.7,492.1,7140040,2026-07-24
EASEMYTRIP,EQ,6.85,6.73,6.83,6.84,8679182,2026-07-24
ECLERX,EQ,1898.6,1811.0,1861.5,1889.4,205758,2026-07-24
BBETF0432,EQ,1355.7,1346.0,1354.62,1348.3,3852,2026-07-24
EBANKNIFTY,EQ,57.46,56.5,57.37,56.91,1804,2026-07-24
EBBETF0430,EQ,1607.21,1601.52,1606.02,1603.33,21472,2026-07-24
EBBETF0431,EQ,1441.0,1432.03,1439.92,1436.76,2671,2026-07-24
EBBETF0433,EQ,1317.0,1309.99,1310.61,1315.9,2701,2026-07-24
ECAPINSURE,EQ,23.74,23.32,23.64,23.67,44248,2026-07-24
EGOLD,EQ,143.1,141.0,142.55,143.4,42479,2026-07-24
ELIQUID,EQ,1040.91,1040.89,1040.9,1040.49,168927,2026-07-24
ELM250,EQ,16.4,16.22,16.38,16.31,25068,2026-07-24
EMULTIMQ,EQ,41.88,40.28,40.76,40.84,61477,2026-07-24
ENEXT50,EQ,71.82,70.62,71.72,71.82,4025,2026-07-24
ENIFTY,EQ,24.04,23.82,23.99,24.04,914,2026-07-24
ESENSEX,EQ,76.93,76.21,76.72,76.58,403,2026-07-24
ESILVER,EQ,220.58,215.7,219.61,220.19,57750,2026-07-24
EDELWEISS,EQ,117.7,114.0,117.02,116.09,1777040,2026-07-24
EFCIL,EQ,196.97,190.0,195.3,196.19,177306,2026-07-24
EICHERMOT,EQ,7710.0,7575.0,7628.0,7721.5,409577,2026-07-24
EIDPARRY,EQ,766.15,750.25,758.0,759.15,128554,2026-07-24
EIHAHOTELS,EQ,313.7,302.65,310.9,308.75,16640,2026-07-24
EIHOTEL,EQ,328.95,317.0,326.4,321.35,156876,2026-07-24
EIMCOELECO,EQ,1800.9,1746.0,1789.2,1792.2,14969,2026-07-24
ELANTAS,EQ,9357.0,9197.0,9266.0,9250.0,762,2026-07-24
ELCIDIN,EQ,111000.0,109500.0,109500.0,110100.0,8,2026-07-24
ELDEHSG,EQ,807.0,770.1,778.3,783.15,402,2026-07-24
ELECON,EQ,431.7,419.2,421.65,433.0,859460,2026-07-24
EMIL,EQ,130.13,125.6,129.64,127.86,490978,2026-07-24
ELECTCAST,EQ,72.5,69.52,72.1,70.43,1439547,2026-07-24
ELECTHERM,EQ,1097.1,990.1,1008.2,997.4,55825,2026-07-24
ELGIEQUIP,EQ,581.95,568.1,577.3,586.05,173421,2026-07-24
ELGIRUBCO,EQ,56.18,54.1,54.58,56.16,41186,2026-07-24
ELIN,EQ,101.88,98.1,101.13,100.49,163777,2026-07-24
ELITECON,EQ,16.66,15.3,15.51,16.07,4787316,2026-07-24
ELLEN,EQ,284.9,273.0,281.2,277.9,192997,2026-07-24
ELPROINTL,EQ,177.2,174.5,176.52,175.02,74371,2026-07-24
EMAMILTD,EQ,414.85,406.3,407.9,416.25,694321,2026-07-24
EMAMIPAP,EQ,122.47,117.1,118.18,122.88,280286,2026-07-24
EMBDL,EQ,62.1,60.01,61.21,61.43,1775065,2026-07-24
EMCURE,EQ,1892.0,1855.4,1881.0,1869.5,58594,2026-07-24
EMKAY,EQ,244.9,231.05,239.5,235.65,32291,2026-07-24
EMMVEE,EQ,332.25,314.15,331.0,319.75,2762319,2026-07-24
EMSLIMITED,EQ,406.7,391.55,403.3,406.35,314326,2026-07-24
EMUDHRA,EQ,465.9,448.45,455.75,457.7,137001,2026-07-24
ENDURANCE,EQ,2688.0,2548.6,2634.0,2720.3,369867,2026-07-24
ENERGYDEV,EQ,17.95,16.45,17.45,16.83,62692,2026-07-24
ENGINERSIN,EQ,226.6,219.44,225.21,224.25,856408,2026-07-24
ENTERO,EQ,1235.1,1183.0,1229.6,1206.7,67396,2026-07-24
ENIL,EQ,107.49,105.5,105.63,106.55,6311,2026-07-24
EIEL,EQ,221.4,212.11,220.16,217.62,1653480,2026-07-24
EPACK,EQ,235.55,227.1,234.57,231.0,268101,2026-07-24
EPACKPEB,EQ,255.12,237.75,251.92,243.08,768123,2026-07-24
EPIGRAL,EQ,1214.0,1139.1,1162.7,1152.0,301772,2026-07-24
EPL,EQ,234.2,221.98,233.06,233.04,1019639,2026-07-24
EQUITASBNK,EQ,78.8,76.55,78.34,78.42,1477032,2026-07-24
ERIS,EQ,1409.0,1373.0,1400.6,1395.6,39620,2026-07-24
ESABINDIA,EQ,5740.0,5633.0,5649.5,5725.5,4389,2026-07-24
ESAFSFB,EQ,39.0,35.12,38.69,35.55,11588732,2026-07-24
ESCORTS,EQ,2923.7,2880.0,2905.1,2907.1,100725,2026-07-24
ESSARSHPNG,EQ,20.5,19.61,20.17,20.03,100904,2026-07-24
ESTER,EQ,90.55,87.82,88.53,89.01,41113,2026-07-24
ETERNAL,EQ,285.0,276.55,280.0,287.1,37050034,2026-07-24
ETHOSLTD,EQ,2600.0,2527.7,2562.8,2574.4,13096,2026-07-24
EUREKAFORB,EQ,434.75,424.9,432.15,433.65,110367,2026-07-24
EUROBOND,EQ,165.0,151.5,161.61,160.77,7550,2026-07-24
EUROPRATIK,EQ,304.45,291.1,301.65,296.75,164872,2026-07-24
EVEREADY,EQ,358.6,343.55,357.0,352.35,74671,2026-07-24
EKC,EQ,109.9,106.45,108.76,108.89,181134,2026-07-24
EXCELINDUS,EQ,945.25,907.0,932.15,914.35,10520,2026-07-24
EXCELSOFT,EQ,75.0,73.12,74.38,74.54,251103,2026-07-24
EXICOM,EQ,162.5,155.2,160.3,161.48,1677455,2026-07-24
EXIDEIND,EQ,448.15,435.05,443.0,439.75,7333676,2026-07-24
EXPLEOSOL,EQ,814.8,796.0,801.55,814.1,15810,2026-07-24
EXXARO,EQ,6.76,6.2,6.54,6.26,1259542,2026-07-24
FABTECH,EQ,153.5,146.6,149.73,148.6,192898,2026-07-24
FACT,EQ,814.8,789.1,809.3,805.75,109204,2026-07-24
FAZE3Q,EQ,553.85,532.65,546.95,545.0,7488,2026-07-24
FDC,EQ,416.05,397.05,412.95,401.25,96778,2026-07-24
FEDFINA,EQ,151.37,147.4,150.53,150.26,798404,2026-07-24
FEDDERSHOL,EQ,47.94,45.25,45.64,47.87,2141017,2026-07-24
FEDERALBNK,EQ,354.9,349.9,354.3,354.4,3590425,2026-07-24
FMGOETZE,EQ,480.0,472.0,478.85,479.05,28932,2026-07-24
FERMENTA,EQ,435.4,395.15,432.05,401.0,213384,2026-07-24
FIBERWEB,EQ,30.88,29.2,30.43,30.15,21174,2026-07-24
FIEMIND,EQ,2340.0,2299.9,2331.9,2354.1,36394,2026-07-24
FILATEX,EQ,77.54,70.54,73.83,72.0,20405543,2026-07-24
FINEORG,EQ,4850.0,4692.0,4828.5,4745.5,7556,2026-07-24
FCL,EQ,43.4,39.02,39.59,41.91,35167975,2026-07-24
FINKURVE,EQ,64.39,61.64,62.15,62.83,11910,2026-07-24
FINOPB,EQ,168.44,163.07,167.06,170.04,1195595,2026-07-24
FINCABLES,EQ,1005.0,956.2,998.9,977.8,328672,2026-07-24
FINPIPE,EQ,164.4,158.0,163.67,159.93,746248,2026-07-24
FSL,EQ,257.5,251.1,253.58,255.94,710618,2026-07-24
FISCHER,EQ,39.48,37.71,37.94,39.03,2182724,2026-07-24
FIVESTAR,EQ,538.0,520.5,535.2,534.3,495386,2026-07-24
FLAIR,EQ,254.75,242.9,252.5,245.55,78394,2026-07-24
FOODSIN,EQ,55.87,53.85,55.05,55.24,71555,2026-07-24
FORCEMOT,EQ,17880.0,17172.0,17620.0,17410.0,112140,2026-07-24
FORTIS,EQ,951.05,927.7,948.7,943.65,503448,2026-07-24
FOSECOIND,EQ,5138.0,4962.5,5048.0,5032.0,2042,2026-07-24
FRACTAL,EQ,844.8,778.0,786.75,861.45,1291231,2026-07-24
FRONTSP,EQ,1358.5,1309.1,1328.8,1350.1,18339,2026-07-24
NYKAA,EQ,323.55,317.05,322.8,324.8,2040730,2026-07-24
UTLSOLAR,EQ,389.75,368.05,383.8,375.95,355697,2026-07-24
FUSION,EQ,221.25,208.65,216.48,221.27,481999,2026-07-24
GMBREW,EQ,908.75,892.0,904.45,904.3,22393,2026-07-24
GRINFRA,EQ,878.0,860.0,869.85,871.0,8665,2026-07-24
GABRIEL,EQ,1386.9,1335.1,1363.5,1377.7,376116,2026-07-24
GATECH,EQ,0.5,0.48,0.48,0.49,2248348,2026-07-24
GATECHDVR,EQ,0.46,0.43,0.43,0.45,356125,2026-07-24
GAIL,EQ,171.18,167.27,170.02,171.99,5814293,2026-07-24
GALAPREC,EQ,1158.9,1126.0,1146.3,1158.2,22954,2026-07-24
GALAXYSURF,EQ,1955.0,1914.0,1945.0,1928.3,5547,2026-07-24
GALLANTT,EQ,549.9,513.1,521.2,537.75,652399,2026-07-24
GANDHAR,EQ,303.17,275.53,282.46,281.95,35869266,2026-07-24
GANDHITUBE,EQ,875.0,863.05,868.0,870.75,6814,2026-07-24
GANESHBE,EQ,114.22,109.1,111.41,113.61,376242,2026-07-24
GANESHCP,EQ,175.19,169.31,171.84,170.57,77531,2026-07-24
GANESHHOU,EQ,818.9,785.25,799.4,808.4,45945,2026-07-24
GANECOS,EQ,1214.7,1158.3,1209.4,1194.75,102377,2026-07-24
GANGESSECU,EQ,117.0,114.1,116.24,116.19,963,2026-07-24
GRSE,EQ,2587.5,2535.5,2565.8,2574.4,284650,2026-07-24
GARUDA,EQ,175.01,168.56,174.69,172.72,151770,2026-07-24
GRWRHITECH,EQ,6928.0,6745.0,6903.0,6846.0,32473,2026-07-24
GARFIBRES,EQ,751.0,737.05,748.45,746.25,19880,2026-07-24
GATEWAY,EQ,57.0,56.0,56.38,57.09,689650,2026-07-24
GAYAHWS,EQ,1.92,1.83,1.88,1.89,60814,2026-07-24
GVPIL,EQ,808.0,772.1,800.7,776.95,171723,2026-07-24
GVT&D,EQ,4334.0,4115.6,4157.4,4328.5,1388191,2026-07-24
GEEKAYWIRE,EQ,24.63,23.65,23.79,23.81,152037,2026-07-24
GEMAROMA,EQ,179.55,174.61,178.1,177.53,50103,2026-07-24
GICRE,EQ,359.9,356.5,357.5,359.85,188457,2026-07-24
GENCON,EQ,42.0,39.68,40.52,40.88,241553,2026-07-24
GENESYS,EQ,303.0,289.0,297.7,298.95,210547,2026-07-24
GENUSPAPER,EQ,12.27,11.8,11.92,12.22,62817,2026-07-24
GENUSPOWER,EQ,316.55,307.0,315.6,313.85,1076880,2026-07-24
GEOJITFSL,EQ,78.44,75.0,76.15,78.65,471512,2026-07-24
GFLLIMITED,EQ,46.3,44.01,45.95,44.92,34190,2026-07-24
GHCL,EQ,438.0,427.1,436.2,429.5,123167,2026-07-24
GHCLTEXTIL,EQ,117.0,112.34,115.82,114.98,458966,2026-07-24
GICHSGFIN,EQ,147.48,144.42,146.87,147.19,74492,2026-07-24
GILLANDERS,EQ,88.22,86.0,87.98,87.0,650,2026-07-24
GILLETTE,EQ,7855.0,7730.0,7828.5,7787.0,7271,2026-07-24
GKENERGY,EQ,137.0,132.3,136.14,136.04,283084,2026-07-24
GKWLIMITED,EQ,1685.0,1620.1,1640.7,1685.0,907,2026-07-24
GLAND,EQ,2415.0,2366.2,2379.8,2377.7,156545,2026-07-24
GLAXO,EQ,2525.8,2455.0,2514.3,2495.0,63793,2026-07-24
GLENMARK,EQ,2248.8,2182.0,2192.0,2205.1,429562,2026-07-24
GLOBAL,EQ,102.99,100.0,101.99,102.77,10617,2026-07-24
MEDANTA,EQ,1379.0,1351.1,1371.0,1378.2,142741,2026-07-24
GSLSU,EQ,28.01,27.0,28.01,26.68,162986,2026-07-24
GLOBALVECT,EQ,151.61,147.9,148.95,150.32,3031,2026-07-24
GLOBE,EQ,2.16,2.09,2.14,2.13,97937,2026-07-24
GICL,EQ,16.88,16.11,16.72,16.26,88413,2026-07-24
GLOBUSSPR,EQ,884.75,853.05,880.45,860.7,84956,2026-07-24
GLOSTERLTD,EQ,688.3,665.0,683.65,675.45,3581,2026-07-24
GMMPFAUDLR,EQ,817.0,786.15,808.05,796.5,92348,2026-07-24
GMRAIRPORT,EQ,107.39,105.55,107.12,107.37,7913951,2026-07-24
GMRP&UI,EQ,99.01,96.72,97.59,99.71,457033,2026-07-24
GNA,EQ,512.75,485.25,507.0,500.75,334580,2026-07-24
EBGNG,EQ,572.35,535.0,572.35,545.1,593781,2026-07-24
GODIGIT,EQ,274.9,253.0,256.2,280.85,4579160,2026-07-24
GOCOLORS,EQ,327.0,317.05,324.15,320.8,173267,2026-07-24
GOACARBON,EQ,388.0,371.15,375.65,380.0,33188,2026-07-24
GOCLCORP,EQ,398.95,385.0,396.55,390.8,42185,2026-07-24
GODAVARIB,EQ,280.2,271.85,278.9,275.9,82909,2026-07-24
GPIL,EQ,243.25,237.1,240.15,241.25,574648,2026-07-24
GODFRYPHLP,EQ,2140.0,2027.4,2129.6,2046.5,408425,2026-07-24
GODREJAGRO,EQ,577.85,556.5,573.6,561.2,111216,2026-07-24
GODREJCP,EQ,1066.2,1044.9,1059.5,1058.6,413015,2026-07-24
GODREJIND,EQ,1345.0,1309.8,1332.2,1345.6,60119,2026-07-24
GODREJPROP,EQ,2104.4,1965.2,2028.7,2041.0,569927,2026-07-24
GOKEX,EQ,834.0,788.05,830.5,795.05,356788,2026-07-24
GOKULAGRO,EQ,212.92,207.21,209.93,209.11,201648,2026-07-24
GOKUL,EQ,39.98,39.01,39.28,39.8,131415,2026-07-24
GOLDIAM,EQ,352.0,335.0,349.5,347.05,572301,2026-07-24
GOODLUCK,EQ,1534.6,1488.2,1511.6,1525.6,93900,2026-07-24
GOODYEAR,EQ,829.95,818.25,822.85,824.8,8423,2026-07-24
GOPAL,EQ,260.0,257.0,258.25,258.4,134381,2026-07-24
GOYALALUM,EQ,6.69,6.4,6.54,6.48,42753,2026-07-24
GPTHEALTH,EQ,164.69,154.7,159.64,156.75,519007,2026-07-24
GPTINFRA,EQ,117.8,112.64,116.41,114.24,34480,2026-07-24
GRANDOAK,EQ,38.89,36.88,37.48,38.09,8868,2026-07-24
GRANULES,EQ,856.9,830.75,833.55,852.55,870853,2026-07-24
GRAPHITE,EQ,687.5,653.9,672.75,657.9,4550797,2026-07-24
GRASIM,EQ,3100.0,3066.4,3089.4,3113.0,341560,2026-07-24
GRAUWEIL,EQ,74.9,72.72,73.97,73.79,111702,2026-07-24
GRAVISSHO,EQ,30.55,29.05,30.55,29.0,36,2026-07-24
GRAVITA,EQ,1782.9,1713.8,1775.7,1755.7,138494,2026-07-24
GREAVESCOT,EQ,248.61,231.55,246.32,237.17,1981826,2026-07-24
GREENLAM,EQ,258.4,238.4,256.0,241.85,425580,2026-07-24
GREENPANEL,EQ,194.99,189.3,194.24,193.34,87815,2026-07-24
GREENPLY,EQ,327.9,293.1,298.15,321.15,1587525,2026-07-24
GCSL,EQ,534.0,510.75,531.0,521.05,714401,2026-07-24
GRINDWELL,EQ,2043.4,1984.8,2011.6,2004.0,90565,2026-07-24
GRMOVER,EQ,91.0,88.35,90.2,89.87,152553,2026-07-24
GROWWCAPM,EQ,11.49,10.94,11.19,11.15,436977,2026-07-24
GROWWCHEM,EQ,30.35,29.78,30.01,30.15,29289,2026-07-24
GROWWDEFNC,EQ,94.1,92.52,93.47,94.1,196393,2026-07-24
GROWWEV,EQ,31.8,31.18,31.64,31.56,196088,2026-07-24
GROWWGOLD,EQ,14.02,13.8,13.93,14.02,1655256,2026-07-24
GROWWHOSPI,EQ,53.82,52.8,53.52,53.55,313009,2026-07-24
GROWWLIQID,EQ,110.08,110.04,110.07,110.02,201889,2026-07-24
GROWWLOVOL,EQ,10.45,10.29,10.35,10.38,18549,2026-07-24
GROWWMC150,EQ,230.91,223.86,227.37,228.72,1998,2026-07-24
GROWWMETAL,EQ,11.98,11.6,11.84,11.86,396225,2026-07-24
GROWWMOM50,EQ,10.69,10.43,10.53,10.62,218078,2026-07-24
GROWWN200,EQ,11.35,11.1,11.23,11.25,78967,2026-07-24
GROWWNET,EQ,9.91,9.47,9.64,9.75,263419,2026-07-24
GROWWNIFTY,EQ,9.87,9.55,9.61,9.63,803104,2026-07-24
GROWWNXT50,EQ,72.6,71.4,72.22,72.47,6343,2026-07-24
GROWWPOWER,EQ,12.02,11.55,11.67,11.73,2374289,2026-07-24
GROWWPSE,EQ,100.19,98.25,100.06,100.25,1986,2026-07-24
GROWWPSUBK,EQ,84.47,81.31,84.05,82.97,13646,2026-07-24
GROWWRAIL,EQ,28.69,28.22,28.63,28.51,441783,2026-07-24
GROWWRLTY,EQ,10.1,9.7,9.88,9.92,151268,2026-07-24
GROWWSC250,EQ,10.28,10.02,10.17,10.21,81613,2026-07-24
GROWWSLVR,EQ,21.65,21.16,21.59,21.63,1793121,2026-07-24
PVTBKGROWW,EQ,27.52,26.85,27.35,27.27,29009,2026-07-24
SMALLGROWW,EQ,46.8,46.15,46.61,46.81,5900,2026-07-24
GRPLTD,EQ,2071.0,1963.0,2007.5,1972.6,20374,2026-07-24
GSPCROP,EQ,557.95,525.05,530.5,546.2,246804,2026-07-24
GSS,EQ,12.27,11.9,12.11,12.28,63182,2026-07-24
GTLINFRA,EQ,1.24,1.18,1.22,1.21,27434475,2026-07-24
GTL,EQ,7.21,7.09,7.17,7.15,162450,2026-07-24
GTPL,EQ,62.25,58.5,60.68,59.3,29652,2026-07-24
GUFICBIO,EQ,384.0,362.5,378.85,377.15,47082,2026-07-24
GIPCL,EQ,157.93,154.06,157.23,156.77,86967,2026-07-24
GNFC,EQ,506.05,492.1,503.05,497.45,141290,2026-07-24
GSFC,EQ,155.25,152.61,154.56,154.6,482121,2026-07-24
GUJAPOLLO,EQ,369.0,338.05,364.35,345.35,10722,2026-07-24
GUJALKALI,EQ,708.4,667.1,674.8,644.0,940628,2026-07-24
GAEL,EQ,152.89,137.7,151.64,139.14,9152593,2026-07-24
GUJENERGY,EQ,267.45,261.25,265.45,263.15,535428,2026-07-24
FLUOROCHEM,EQ,4600.1,4470.0,4573.7,4577.2,97679,2026-07-24
GKSL,EQ,129.25,126.7,128.2,127.3,73624,2026-07-24
GMDCLTD,EQ,564.9,551.0,562.55,562.95,664245,2026-07-24
GNRL,EQ,94.0,88.2,92.53,91.88,86374,2026-07-24
GPPL,EQ,149.6,146.6,149.23,147.14,896015,2026-07-24
GUJRAFFIA,EQ,40.78,38.2,40.56,39.92,1674,2026-07-24
GUJTHEM,EQ,361.2,347.0,360.5,356.3,32351,2026-07-24
GULFOILLUB,EQ,1038.0,1012.0,1015.7,1035.7,28916,2026-07-24
GULPOLY,EQ,196.9,186.0,195.12,186.57,583164,2026-07-24
GVPTECH,EQ,6.82,6.48,6.75,6.67,19723,2026-07-24
GYFTR,EQ,151.99,147.7,149.51,149.83,32578,2026-07-24
HBESD,EQ,77.95,73.5,74.01,77.68,2633,2026-07-24
HGINFRA,EQ,542.0,530.85,536.85,541.9,38530,2026-07-24
HALDER,EQ,235.8,230.58,234.54,232.52,30553,2026-07-24
HALEOSLABS,EQ,1605.0,1530.3,1538.4,1552.3,1088,2026-07-24
HGM,EQ,48.49,45.0,46.73,46.14,4507,2026-07-24
HAPPSTMNDS,EQ,374.65,353.8,372.55,365.75,594661,2026-07-24
HAPPYFORGE,EQ,1630.9,1569.3,1615.5,1588.4,57255,2026-07-24
HARDWYN,EQ,16.45,14.06,15.82,15.62,2748495,2026-07-24
HARIOMPIPE,EQ,396.0,378.0,391.8,382.6,129838,2026-07-24
HARRMALAYA,EQ,220.39,216.5,216.96,221.66,7419,2026-07-24
HARSHA,EQ,417.8,395.0,405.65,403.65,247324,2026-07-24
HATHWAY,EQ,10.84,10.51,10.76,10.64,1159488,2026-07-24
HATSUN,EQ,891.75,871.7,886.85,875.55,27878,2026-07-24
HAVELLS,EQ,1239.5,1195.8,1226.9,1209.9,1065814,2026-07-24
HAWKINCOOK,EQ,8820.0,8220.5,8704.0,8451.5,1974,2026-07-24
HBLENGINE,EQ,704.95,685.2,698.6,704.95,1005133,2026-07-24
HCL-INSYS,EQ,11.6,11.28,11.34,11.47,130081,2026-07-24
HCLTECH,EQ,1276.0,1236.6,1271.0,1244.7,3674904,2026-07-24
HDBFS,EQ,693.8,682.0,691.5,692.2,439241,2026-07-24
HDFCAMC,EQ,2530.6,2468.5,2505.7,2508.7,717284,2026-07-24
HDFCBANK,EQ,748.25,737.25,742.8,747.25,23837859,2026-07-24
HDFCGOLD,EQ,125.74,120.1,121.79,122.68,1769262,2026-07-24
HDFCLIFE,EQ,556.75,547.2,555.05,550.95,1354038,2026-07-24
HDFCBSE500,EQ,37.5,36.52,37.0,36.99,321946,2026-07-24
HDFCGROWTH,EQ,116.27,115.1,115.89,116.58,15718,2026-07-24
HDFCLIQUID,EQ,1070.93,1070.33,1070.92,1070.48,3584,2026-07-24
HDFCLOWVOL,EQ,20.58,20.45,20.53,20.56,2818,2026-07-24
HDFCMID150,EQ,23.2,22.7,22.99,22.99,391555,2026-07-24
HDFCMOMENT,EQ,30.6,30.14,30.38,30.55,194758,2026-07-24
HDFCNEXT50,EQ,73.48,72.27,73.33,73.32,235060,2026-07-24
HDFCNIF100,EQ,25.77,25.51,25.64,25.77,239728,2026-07-24
HDFCNIFBAN,EQ,58.56,57.74,58.45,58.33,266470,2026-07-24
HDFCNIFIT,EQ,31.0,30.13,30.8,30.48,2766747,2026-07-24
HDFCNIFTY,EQ,268.62,266.22,268.19,268.89,127256,2026-07-24
HDFCPVTBAN,EQ,29.3,27.53,27.86,27.83,741547,2026-07-24
HDFCQUAL,EQ,57.8,57.1,57.45,57.61,10659,2026-07-24
HDFCSENSEX,EQ,86.55,85.68,86.4,86.72,49030,2026-07-24
HDFCSILVER,EQ,211.98,206.6,210.79,210.98,2830118,2026-07-24
HDFCSML250,EQ,179.87,175.21,177.58,178.09,1420920,2026-07-24
HDFCVALUE,EQ,128.19,123.9,124.9,125.07,1038,2026-07-24
HDFCPSUBK,EQ,85.95,83.21,84.63,84.07,127518,2026-07-24
HEADSUP,EQ,7.18,6.95,7.11,7.06,11822,2026-07-24
HEALTHX,EQ,317.1,302.0,312.85,316.05,7889,2026-07-24
HCG,EQ,675.0,660.65,666.55,669.9,54767,2026-07-24
HECPROJECT,EQ,142.99,135.02,139.46,140.22,27930,2026-07-24
HEG,EQ,654.0,608.0,643.15,623.85,7737580,2026-07-24
HEIDELBERG,EQ,158.0,155.01,156.41,156.73,39423,2026-07-24
HEMIPROP,EQ,133.8,131.1,133.37,133.46,225807,2026-07-24
HERANBA,EQ,178.94,172.0,174.96,175.57,19355,2026-07-24
HERITGFOOD,EQ,338.0,325.8,335.3,330.05,363327,2026-07-24
HEROMOTOCO,EQ,5102.0,4982.0,5011.1,5173.8,694927,2026-07-24
HESTERBIO,EQ,2377.0,2301.0,2367.4,2365.0,10109,2026-07-24
HEXATRADEX,EQ,157.21,155.0,155.04,157.21,2204,2026-07-24
HEXT,EQ,554.4,532.0,551.85,540.7,152303,2026-07-24
HFCL,EQ,204.78,196.66,196.85,207.01,31552378,2026-07-24
HITECH,EQ,85.2,82.59,84.79,85.05,445350,2026-07-24
HIKAL,EQ,220.0,208.0,217.4,211.95,344016,2026-07-24
HSCL,EQ,792.6,768.8,789.55,777.65,4447225,2026-07-24
HIMATSEIDE,EQ,81.04,79.26,80.52,81.41,615496,2026-07-24
HIRECT,EQ,1324.8,1255.5,1301.9,1285.0,64247,2026-07-24
HINDALCO,EQ,950.9,939.7,942.8,955.65,4494329,2026-07-24
HPIL,EQ,125.84,118.65,125.66,122.12,168,2026-07-24
HGS,EQ,430.95,420.2,422.55,425.7,10430,2026-07-24
HAL,EQ,4598.7,4519.0,4573.4,4592.5,467141,2026-07-24
HINDCOMPOS,EQ,443.2,425.0,428.4,448.35,10842,2026-07-24
HCC,EQ,21.7,20.92,21.43,21.44,27590434,2026-07-24
HINDCOPPER,EQ,486.0,478.2,483.15,491.8,3002317,2026-07-24
HNDFDS,EQ,579.95,560.55,577.2,568.45,64383,2026-07-24
HMVL,EQ,93.64,87.1,93.4,88.9,102542,2026-07-24
HINDOILEXP,EQ,168.8,160.5,162.04,167.5,719854,2026-07-24
HINDPETRO,EQ,383.35,372.05,381.1,385.15,8650504,2026-07-24
HINDUNILVR,EQ,2163.0,2139.0,2145.0,2161.8,1603494,2026-07-24
HINDZINC,EQ,534.4,522.45,531.95,531.15,5497135,2026-07-24
HINDWAREAP,EQ,213.9,206.1,211.9,211.3,69721,2026-07-24
HISARMETAL,EQ,152.98,147.0,147.49,148.72,1317,2026-07-24
POWERINDIA,EQ,32395.0,30980.0,31070.0,32065.0,118166,2026-07-24
HLEGLAS,EQ,422.05,404.05,418.95,412.35,213185,2026-07-24
HLVLTD,EQ,7.2,7.04,7.06,7.15,211043,2026-07-24
HMAAGRO,EQ,21.75,21.1,21.34,21.28,230033,2026-07-24
HOMEFIRST,EQ,1194.2,1155.0,1174.0,1202.3,259050,2026-07-24
HONASA,EQ,456.05,444.5,448.6,445.45,579025,2026-07-24
HONDAPOWER,EQ,2103.8,2062.0,2089.2,2095.5,2652,2026-07-24
HONAUT,EQ,37945.0,37205.0,37345.0,37905.0,4536,2026-07-24
HPAL,EQ,34.0,32.25,33.29,32.43,36773,2026-07-24
HPL,EQ,337.0,326.0,333.5,337.15,85249,2026-07-24
HSBCGOLD,EQ,126.0,122.1,124.12,124.69,9992,2026-07-24
HUDCO,EQ,197.51,191.75,195.54,196.83,1792361,2026-07-24
HTMEDIA,EQ,25.15,24.01,24.26,24.66,195595,2026-07-24
HUBTOWN,EQ,198.35,193.01,194.98,198.36,326659,2026-07-24
HUHTAMAKI,EQ,320.78,288.06,318.68,297.38,6080629,2026-07-24
HYUNDAI,EQ,1975.0,1927.5,1952.6,1954.4,917025,2026-07-24
IGPL,EQ,454.0,442.0,451.55,451.95,11034,2026-07-24
ICDSLTD,EQ,40.49,39.01,40.48,40.8,29,2026-07-24
ICEMAKE,EQ,901.0,845.2,865.7,853.95,103589,2026-07-24
ICICIBANK,EQ,1440.0,1415.4,1432.9,1434.6,10870914,2026-07-24
ICICIGI,EQ,1666.2,1605.0,1661.8,1619.0,1693997,2026-07-24
LOWVOLIETF,EQ,22.15,21.89,22.08,22.1,1781256,2026-07-24
ICICIPRULI,EQ,503.05,495.55,500.55,501.5,711372,2026-07-24
MIDSELIETF,EQ,19.23,18.66,19.14,19.03,93596,2026-07-24
NIF100IETF,EQ,28.3,27.49,27.66,27.81,88916,2026-07-24
NIFTYIETF,EQ,270.42,267.98,269.76,270.52,1630617,2026-07-24
SENSEXIETF,EQ,879.89,868.26,876.78,876.96,8738,2026-07-24
ICICIAMC,EQ,3130.5,3091.0,3125.6,3132.0,94889,2026-07-24
GOLDIETF,EQ,123.6,120.84,122.05,122.91,6017381,2026-07-24
NV20IETF,EQ,13.64,13.0,13.55,13.55,405865,2026-07-24
ICICIB22,EQ,115.63,114.25,115.36,115.36,135182,2026-07-24
CASHIETF,EQ,1072.48,1072.46,1072.47,1072.03,405068,2026-07-24
EVIETF,EQ,31.84,31.3,31.74,31.77,92817,2026-07-24
GSEC10IETF,EQ,262.25,262.25,262.25,262.78,800,2026-07-24
BSE500IETF,EQ,38.77,38.38,38.74,38.81,107830,2026-07-24
GSEC5IETF,EQ,66.29,65.65,66.15,66.19,2860,2026-07-24
ALPL30IETF,EQ,27.86,27.62,27.75,27.86,219332,2026-07-24
AUTOIETF,EQ,28.41,27.95,28.22,28.4,934626,2026-07-24
PVTBANIETF,EQ,27.98,27.04,27.56,27.51,13974348,2026-07-24
COMMOIETF,EQ,99.82,98.62,99.62,99.92,28927,2026-07-24
CONSUMIETF,EQ,121.56,120.5,121.14,121.85,6778,2026-07-24
FMCGIETF,EQ,52.89,52.31,52.69,52.72,419687,2026-07-24
INFRAIETF,EQ,97.5,94.21,94.89,95.59,212606,2026-07-24
LIQUIDIETF,EQ,1000.01,999.99,999.99,999.99,173380,2026-07-24
MIDCAPIETF,EQ,23.56,23.22,23.52,23.52,1098537,2026-07-24
MOM30IETF,EQ,30.75,30.39,30.59,30.74,514175,2026-07-24
NEXT50IETF,EQ,77.56,75.0,75.75,75.67,892257,2026-07-24
HEALTHIETF,EQ,167.31,166.01,166.63,166.92,86822,2026-07-24
QUAL30IETF,EQ,20.98,20.72,20.94,20.78,86838,2026-07-24
SILVERIETF,EQ,221.48,215.73,220.47,220.29,3321499,2026-07-24
ITIETF,EQ,32.04,31.31,31.97,31.75,523558,2026-07-24
BANKIETF,EQ,59.63,57.6,58.31,58.18,632802,2026-07-24
METALIETF,EQ,12.88,12.38,12.5,12.57,6889044,2026-07-24
OILIETF,EQ,11.28,11.16,11.24,11.28,683990,2026-07-24
PSUBNKIETF,EQ,84.93,83.35,84.71,84.42,143188,2026-07-24
SMALLIETF,EQ,18.58,17.43,18.2,17.7,87286,2026-07-24
TOP15IETF,EQ,9.75,9.65,9.73,9.75,73845,2026-07-24
VAL30IETF,EQ,15.35,15.12,15.27,15.32,154077,2026-07-24
FINIETF,EQ,32.13,31.6,32.01,32.04,320595,2026-07-24
ICRA,EQ,4815.0,4755.0,4804.0,4774.5,12911,2026-07-24
IDBI,EQ,85.49,82.66,84.93,85.06,7500047,2026-07-24
IDFCFIRSTB,EQ,81.09,78.88,80.79,79.9,16260314,2026-07-24
IFBIND,EQ,1310.4,1272.2,1304.1,1302.6,35635,2026-07-24
IFCI,EQ,70.78,68.81,70.12,71.14,12585981,2026-07-24
IFGLEXPOR,EQ,202.05,192.39,197.67,196.33,34659,2026-07-24
IGARASHI,EQ,459.3,436.45,456.1,443.3,49460,2026-07-24
IIFLCAPS,EQ,342.9,337.55,340.2,339.6,401303,2026-07-24
IIFL,EQ,565.25,548.0,556.55,568.75,1476692,2026-07-24
IKIO,EQ,207.59,199.16,204.82,206.3,332979,2026-07-24
IVC,EQ,8.29,8.16,8.23,8.26,141853,2026-07-24
IMAGICAA,EQ,47.49,45.89,46.66,46.82,467567,2026-07-24
INCREDIBLE,EQ,34.5,33.28,33.39,34.16,5480,2026-07-24
IMPAL,EQ,1094.9,1060.0,1076.1,1071.1,1481,2026-07-24
INDSWFTLAB,EQ,229.99,217.77,227.49,225.99,447383,2026-07-24
INDTERRAIN,EQ,29.78,29.0,29.26,28.63,961,2026-07-24
INDBANK,EQ,33.6,32.5,33.21,32.51,29136,2026-07-24
BAJAJINDEF,EQ,235.0,227.0,230.25,234.2,11684,2026-07-24
INDGN,EQ,495.0,486.1,492.65,488.5,84358,2026-07-24
INDIAGLYCO,EQ,1175.3,1142.05,1157.8,1173.3,83732,2026-07-24
INDNIPPON,EQ,1224.3,1167.0,1198.0,1207.4,24164,2026-07-24
IPL,EQ,150.98,146.41,149.98,150.22,123172,2026-07-24
INDIASHLTR,EQ,746.15,715.3,723.9,746.5,206940,2026-07-24
ITDC,EQ,749.8,722.15,737.4,747.6,347330,2026-07-24
INDIAMART,EQ,1799.9,1751.1,1759.9,1790.6,170780,2026-07-24
INDIANB,EQ,828.85,814.55,826.1,827.3,1435233,2026-07-24
INDIANCARD,EQ,234.7,215.0,223.97,220.99,6624,2026-07-24
IEX,EQ,125.7,120.49,124.26,121.94,10633033,2026-07-24
INDIANHUME,EQ,389.4,368.6,387.15,371.4,97958,2026-07-24
IMFA,EQ,1349.0,1300.1,1340.1,1336.3,77233,2026-07-24
IOC,EQ,138.89,136.78,138.47,139.92,11902268,2026-07-24
IOB,EQ,34.0,33.23,33.88,33.82,2789486,2026-07-24
IRCTC,EQ,495.75,488.8,495.05,494.05,498071,2026-07-24
IRFC,EQ,87.85,86.02,87.62,87.03,6225546,2026-07-24
IREDA,EQ,120.75,117.42,120.48,119.58,4773314,2026-07-24
IWP,EQ,32.83,31.3,32.36,33.5,9144,2026-07-24
INDIGOPNTS,EQ,1059.7,1032.6,1048.9,1047.6,28153,2026-07-24
INDIQUBE,EQ,182.74,175.05,181.31,180.29,31337,2026-07-24
INDOBORAX,EQ,439.8,361.05,416.1,373.5,10596863,2026-07-24
ICIL,EQ,407.9,388.5,403.45,398.55,281840,2026-07-24
INDOFARM,EQ,155.59,150.1,152.25,153.19,118332,2026-07-24
INDORAMA,EQ,49.0,46.2,48.43,47.68,139569,2026-07-24
INDOTHAI,EQ,221.7,214.52,216.3,217.38,2736587,2026-07-24
INDOUS,EQ,88.8,84.6,84.98,86.93,17311,2026-07-24
NIPPOBATRY,EQ,328.7,323.05,326.3,326.5,786,2026-07-24
INDOCO,EQ,245.0,234.41,243.42,238.15,50120,2026-07-24
IGCL,EQ,77.4,72.8,74.55,74.84,164701,2026-07-24
WAAREEINDO,EQ,352.65,352.65,352.65,371.2,23322,2026-07-24
INDOSTAR,EQ,262.8,257.0,260.5,262.85,42995,2026-07-24
IGL,EQ,149.95,147.2,149.33,149.9,1256239,2026-07-24
INDRAMEDCO,EQ,366.75,360.0,364.6,366.9,101164,2026-07-24
INDUSTOWER,EQ,396.1,385.15,394.6,390.25,3130489,2026-07-24
INDUSINDBK,EQ,1003.45,984.05,996.05,1005.5,1995292,2026-07-24
INDPRUD,EQ,6669.5,6301.0,6570.0,6480.0,32,2026-07-24
IITL,EQ,139.98,125.56,132.02,127.28,91522,2026-07-24
NAUKRI,EQ,1177.5,1140.0,1165.5,1169.95,1248750,2026-07-24
INFOBEAN,EQ,160.99,154.99,157.33,156.58,175897,2026-07-24
INFOMEDIA,EQ,5.63,5.4,5.57,5.48,993,2026-07-24
INFY,EQ,1043.4,1013.9,1040.9,1047.4,29036900,2026-07-24
INGERRAND,EQ,4405.5,4320.0,4354.3,4378.9,13370,2026-07-24
INNOVACAP,EQ,965.9,934.55,950.45,967.95,58779,2026-07-24
INNOVANA,EQ,347.0,323.1,344.35,324.2,4090,2026-07-24
INNOVISION,EQ,286.65,281.0,285.3,285.55,11841,2026-07-24
INOXGREEN,EQ,193.27,183.49,191.87,187.17,771954,2026-07-24
INOXINDIA,EQ,2015.0,1968.1,2004.0,2011.9,162161,2026-07-24
INOXWIND,EQ,77.39,75.2,76.97,76.21,6163215,2026-07-24
INSECTICID,EQ,620.8,596.2,616.1,605.25,17357,2026-07-24
INA,EQ,113.99,110.85,112.57,113.15,366531,2026-07-24
INTELLECT,EQ,735.2,710.0,732.2,733.7,312739,2026-07-24
INTENTECH,EQ,90.81,90.01,90.45,91.01,45254,2026-07-24
INTERARCH,EQ,1828.6,1772.0,1799.3,1810.6,26025,2026-07-24
INDIGO,EQ,5009.0,4886.0,4985.0,5023.5,2880861,2026-07-24
INTLCONV,EQ,76.2,72.3,75.05,73.68,172919,2026-07-24
IGIL,EQ,353.25,325.65,338.15,345.6,2757818,2026-07-24
ISFT,EQ,76.89,72.8,76.24,75.75,2025,2026-07-24
INVENTURE,EQ,0.9,0.88,0.89,0.89,609362,2026-07-24
IKS,EQ,1807.5,1738.0,1759.8,1799.3,165781,2026-07-24
IVZINGOLD,EQ,124.25,122.75,124.05,124.9,489160,2026-07-24
IVZINNIFTY,EQ,2733.0,2710.5,2726.94,2739.25,98,2026-07-24
INVPRECQ,EQ,999.0,889.0,979.85,942.8,28627,2026-07-24
IOLCP,EQ,150.11,143.66,149.22,146.99,1441046,2026-07-24
IONEXCHANG,EQ,426.55,408.45,425.1,415.0,405046,2026-07-24
IPCALAB,EQ,1788.9,1747.0,1762.7,1771.2,79195,2026-07-24
IRB,EQ,19.7,19.28,19.61,19.48,6006254,2026-07-24
IRCON,EQ,126.48,123.51,126.07,125.44,833685,2026-07-24
IRISDOREME,EQ,48.9,46.1,47.83,46.83,268515,2026-07-24
IRIS,EQ,245.9,230.1,244.5,236.5,42470,2026-07-24
IRMENERGY,EQ,258.0,251.9,254.55,255.15,35706,2026-07-24
ISGEC,EQ,864.75,844.0,855.6,854.75,17547,2026-07-24
ISHANCH,EQ,55.1,51.54,52.14,53.29,35106,2026-07-24
ITCHOTELS,EQ,160.79,158.4,159.92,161.93,2484261,2026-07-24
ITC,EQ,284.85,279.55,283.45,281.3,24954082,2026-07-24
ITI,EQ,276.9,272.05,275.15,277.6,176666,2026-07-24
IVALUE,EQ,292.6,274.05,287.7,279.8,264741,2026-07-24
IZMO,EQ,1124.0,1045.1,1104.5,1077.6,96895,2026-07-24
J&KBANK,EQ,174.99,170.12,172.57,173.41,2341658,2026-07-24
JGCHEM,EQ,511.95,467.4,505.35,476.45,431629,2026-07-24
JAGRAN,EQ,63.1,61.81,62.85,61.96,170241,2026-07-24
JAGSNPHARM,EQ,223.85,214.24,221.61,217.82,35039,2026-07-24
JAICORPLTD,EQ,101.33,98.03,100.33,101.57,645063,2026-07-24
JISLDVREQS,EQ,22.35,20.6,21.28,21.13,22710,2026-07-24
JISLJALEQS,EQ,30.55,29.16,30.37,29.47,1643469,2026-07-24
JAINREC,EQ,345.5,328.15,341.0,337.3,927914,2026-07-24
JPPOWER,EQ,17.06,16.75,16.95,17.06,34499622,2026-07-24
JAMNAAUTO,EQ,133.29,128.22,132.67,130.8,1657697,2026-07-24
JSFB,EQ,545.0,525.0,536.95,541.6,589753,2026-07-24
JARO,EQ,478.2,460.1,475.7,463.1,86394,2026-07-24
JASH,EQ,512.5,500.0,508.0,510.55,92362,2026-07-24
JAYBARMARU,EQ,164.6,151.69,161.36,159.67,1357381,2026-07-24
JAYAGROGN,EQ,227.0,220.6,222.32,224.73,4999,2026-07-24
JAYNECOIND,EQ,87.75,82.52,86.76,84.27,4545447,2026-07-24
JAYKAY,EQ,167.99,161.3,165.16,163.42,50667,2026-07-24
JAYSREETEA,EQ,81.65,79.5,80.68,80.68,16608,2026-07-24
JBMA,EQ,658.0,642.9,656.05,659.1,225514,2026-07-24
JSLL,EQ,560.0,544.0,554.8,559.8,503062,2026-07-24
JETFREIGHT,EQ,23.18,22.24,22.88,23.19,265625,2026-07-24
JHS,EQ,7.6,7.32,7.49,7.31,18572,2026-07-24
RETAIL,EQ,17.39,16.56,16.65,16.66,598,2026-07-24
JPOLYINVST,EQ,1040.0,1015.0,1029.1,1017.3,8541,2026-07-24
JINDRILL,EQ,620.0,601.0,605.1,611.8,176640,2026-07-24
JINDALPHOT,EQ,1089.0,1043.0,1076.1,1053.3,2499,2026-07-24
JINDALPOLY,EQ,642.05,627.55,637.35,637.9,6544,2026-07-24
JINDALSAW,EQ,260.45,253.1,255.35,260.95,1031851,2026-07-24
JSL,EQ,731.9,712.65,714.25,735.85,313931,2026-07-24
JINDALSTEL,EQ,1042.7,1021.0,1035.8,1041.9,372876,2026-07-24
JINDWORLD,EQ,39.71,33.34,37.83,34.04,74088630,2026-07-24
JIOFIN,EQ,235.48,231.21,234.71,233.16,10217898,2026-07-24
JITFINFRA,EQ,372.6,355.0,365.4,360.1,18565,2026-07-24
JKCEMENT,EQ,5671.0,5578.0,5649.0,5668.0,29550,2026-07-24
JKLAKSHMI,EQ,577.6,564.3,572.5,573.55,65616,2026-07-24
JKPAPER,EQ,405.5,388.6,401.45,391.55,1060056,2026-07-24
JKTYRE,EQ,391.85,379.05,390.6,386.85,576399,2026-07-24
JKIL,EQ,492.2,480.75,485.65,492.45,69390,2026-07-24
JMFINANCIL,EQ,122.6,118.81,122.05,122.19,1845468,2026-07-24
JNKINDIA,EQ,475.9,452.25,470.9,461.5,204648,2026-07-24
COCKERILL,EQ,8999.5,8700.5,8937.5,8930.0,3192,2026-07-24
JSWCEMENT,EQ,133.28,129.88,132.12,133.84,1298867,2026-07-24
JSWDULUX,EQ,2955.0,2862.0,2943.9,2918.4,7291,2026-07-24
JSWENERGY,EQ,554.5,546.1,551.65,557.35,1620670,2026-07-24
JSWHL,EQ,10964.0,10530.0,10865.0,10655.0,2693,2026-07-24
JSWINFRA,EQ,325.2,316.55,322.7,324.5,2835528,2026-07-24
JSWSTEEL,EQ,1245.0,1228.1,1240.8,1246.8,1083729,2026-07-24
JTEKTINDIA,EQ,132.5,129.05,131.62,131.34,99286,2026-07-24
JTLIND,EQ,73.48,70.1,72.64,72.05,2186978,2026-07-24
JUBLCPL,EQ,1867.8,1820.1,1851.5,1851.3,2807,2026-07-24
JUBLFOOD,EQ,420.0,408.55,418.25,412.3,1545685,2026-07-24
JUBLINGREA,EQ,745.05,723.0,725.55,745.05,373158,2026-07-24
JUBLPHARMA,EQ,971.1,950.6,965.35,970.8,57028,2026-07-24
JMA,EQ,88.78,86.8,88.35,87.24,4085,2026-07-24
JUNIPER,EQ,195.0,190.81,193.07,194.86,56221,2026-07-24
JLHL,EQ,327.0,306.3,323.2,1574.5,118808,2026-07-24
JWL,EQ,247.85,241.8,246.55,245.65,477720,2026-07-24
JUSTDIAL,EQ,734.0,700.1,728.95,724.4,738916,2026-07-24
JYOTHYLAB,EQ,199.3,195.1,198.57,198.53,301251,2026-07-24
JYOTICNC,EQ,800.0,777.0,795.05,788.2,302127,2026-07-24
JYOTISTRUC,EQ,11.1,10.53,10.97,10.85,2962053,2026-07-24
KMSUGAR,EQ,27.98,27.0,27.66,27.88,77377,2026-07-24
KPEL,EQ,306.35,298.1,302.8,304.15,232177,2026-07-24
KABRAEXTRU,EQ,382.6,345.65,376.8,351.05,315343,2026-07-24
KAJARIACER,EQ,1221.6,1190.0,1214.9,1209.6,130038,2026-07-24
KALPATARU,EQ,270.55,265.15,266.35,270.55,70067,2026-07-24
KPIL,EQ,1309.4,1273.1,1299.9,1297.9,131284,2026-07-24
KALYANKJIL,EQ,588.0,569.5,573.55,585.6,11499577,2026-07-24
KALYANIFRG,EQ,604.0,593.0,601.9,604.45,623,2026-07-24
KICL,EQ,5384.5,5288.5,5298.0,5365.0,1197,2026-07-24
KSL,EQ,899.4,867.6,892.95,888.6,14327,2026-07-24
KAMAHOLD,EQ,2555.0,2512.1,2527.9,2519.5,2037,2026-07-24
KAMATHOTEL,EQ,170.19,167.41,169.11,169.64,8782,2026-07-24
KAMOPAINTS,EQ,4.58,4.45,4.55,4.5,149843,2026-07-24
KANANIIND,EQ,1.51,1.48,1.49,1.49,35030,2026-07-24
KANPRPLA,EQ,241.0,204.83,221.25,210.52,531640,2026-07-24
KANSAINER,EQ,194.27,191.07,193.19,194.22,250885,2026-07-24
KAPSTON,EQ,464.5,454.45,460.7,460.35,32196,2026-07-24
KARMAENG,EQ,38.8,37.1,38.18,37.6,901,2026-07-24
KTKBANK,EQ,282.4,274.2,279.7,281.8,1964088,2026-07-24
KARURVYSYA,EQ,340.0,331.3,338.9,336.9,3587695,2026-07-24
KSCL,EQ,838.9,819.05,835.5,828.8,34869,2026-07-24
KAVDEFENCE,EQ,57.4,55.25,57.06,56.95,56766,2026-07-24
KAYA,EQ,284.8,258.0,282.63,264.99,94336,2026-07-24
KAYNES,EQ,3236.1,3131.0,3176.2,3240.3,887346,2026-07-24
KCP,EQ,164.64,161.0,162.64,163.19,47375,2026-07-24
KCPSUGIND,EQ,28.75,24.1,27.85,24.19,3946850,2026-07-24
KDDL,EQ,3159.0,3045.0,3135.2,3094.9,14325,2026-07-24
KEC,EQ,477.7,462.4,469.9,472.95,819658,2026-07-24
KEI,EQ,4900.0,4792.0,4868.0,4897.5,127284,2026-07-24
KELLTONTEC,EQ,14.47,14.01,14.09,14.37,2222911,2026-07-24
KENNAMET,EQ,2798.8,2712.4,2782.9,2773.8,6177,2026-07-24
KERNEX,EQ,2215.9,2129.0,2205.2,2220.5,97918,2026-07-24
KKCL,EQ,507.9,497.0,502.3,500.85,35688,2026-07-24
KEYFINSERV,EQ,262.9,246.51,253.89,256.32,1018,2026-07-24
RUSTOMJEE,EQ,405.0,395.3,399.75,401.65,8024,2026-07-24
KFINTECH,EQ,872.2,855.6,857.75,868.25,749479,2026-07-24
KHANDSE,EQ,17.9,16.91,17.83,17.61,253,2026-07-24
KLBRENG-B,EQ,442.5,435.0,439.5,437.8,16406,2026-07-24
KINGFA,EQ,5250.0,4983.0,5212.0,5025.0,10477,2026-07-24
KIOCL,EQ,350.85,341.25,348.75,351.15,62924,2026-07-24
KIRANVYPAR,EQ,202.0,196.25,200.32,199.7,3343,2026-07-24
KIRIINDUS,EQ,409.8,398.2,405.55,411.05,141246,2026-07-24
KIRLOSBROS,EQ,1844.9,1795.1,1836.1,1847.6,47527,2026-07-24
KIRLFER,EQ,476.0,457.05,470.65,464.7,95458,2026-07-24
KIRLOSIND,EQ,3805.5,3700.0,3787.7,3737.3,9238,2026-07-24
KIRLOSENG,EQ,2211.0,2132.4,2182.5,2179.0,212143,2026-07-24
KIRLPNU,EQ,1523.3,1464.4,1497.1,1517.6,885456,2026-07-24
KITEX,EQ,147.95,142.85,147.04,144.19,342753,2026-07-24
KNAGRI,EQ,214.89,206.9,213.64,207.76,6554,2026-07-24
KNACK,EQ,195.9,189.01,194.88,193.13,1207259,2026-07-24
KMEW,EQ,2468.0,2310.4,2430.3,2341.6,73439,2026-07-24
KNRCON,EQ,121.89,117.72,121.22,119.28,605172,2026-07-24
KOHINOOR,EQ,23.2,22.32,22.92,22.56,77468,2026-07-24
KOKUYOCMLN,EQ,85.0,82.3,83.87,84.25,15456,2026-07-24
KOLTEPATIL,EQ,395.0,384.25,391.25,388.3,119088,2026-07-24
GOLD1,EQ,119.1,117.63,118.72,119.96,5078016,2026-07-24
KOTAKBANK,EQ,386.5,378.6,384.75,383.35,13308317,2026-07-24
NIFTY1,EQ,267.6,262.22,264.09,264.95,97704,2026-07-24
PSUBANK,EQ,83.95,82.26,83.49,83.0,271305,2026-07-24
CHEMICAL,EQ,30.44,29.86,30.18,30.15,352175,2026-07-24
ALPHA,EQ,51.16,50.38,50.84,51.16,1291451,2026-07-24
CONS,EQ,12.12,11.98,12.08,12.13,28934,2026-07-24
IT,EQ,32.05,31.33,31.99,31.71,441347,2026-07-24
LIQUID1,EQ,1115.22,1114.54,1115.2,1114.75,1111009,2026-07-24
LOWVOL1,EQ,21.13,20.83,20.95,21.11,1004891,2026-07-24
MIDCAP,EQ,18.55,17.83,18.06,18.1,542509,2026-07-24
MNC,EQ,33.48,33.11,33.37,33.41,24591,2026-07-24
SILVER1,EQ,21.43,20.81,21.36,21.39,4044134,2026-07-24
NV20,EQ,14.18,13.75,13.86,13.88,56474,2026-07-24
MID150,EQ,23.14,22.8,23.08,23.08,34597,2026-07-24
MOMENTUM30,EQ,30.99,29.89,30.17,30.26,139459,2026-07-24
MSCIINDIA,EQ,29.51,29.26,29.41,29.48,15634,2026-07-24
NEXT50ETF,EQ,72.42,71.52,72.28,72.41,50726,2026-07-24
NIFTY100EW,EQ,35.79,34.27,34.75,34.71,21264,2026-07-24
PVTBANK,EQ,27.44,27.04,27.41,27.29,22534,2026-07-24
QUALITY30,EQ,20.54,20.3,20.46,20.43,2243,2026-07-24
BANKNIFTY1,EQ,59.07,58.17,58.9,58.76,2539446,2026-07-24
KOTIC,EQ,165.4,155.5,163.0,164.19,5480,2026-07-24
KOTHARIPET,EQ,134.65,130.0,131.82,133.71,43007,2026-07-24
KOTHARIPRO,EQ,70.0,65.6,68.08,67.73,6039,2026-07-24
KOTARISUG,EQ,24.9,24.15,24.45,24.68,45876,2026-07-24
KOVAI,EQ,5890.0,5700.5,5845.0,5750.5,2149,2026-07-24
KPIGREEN,EQ,395.0,382.65,390.2,390.3,482779,2026-07-24
KPITTECH,EQ,587.0,546.15,583.2,550.9,9475364,2026-07-24
KPRMILL,EQ,1066.1,1015.0,1061.5,1033.4,458555,2026-07-24
KRBL,EQ,351.85,339.5,350.75,343.85,204492,2026-07-24
KREBSBIO,EQ,53.22,50.81,51.9,52.6,2932,2026-07-24
KRISHANA,EQ,163.95,149.6,162.05,155.75,3503242,2026-07-24
KRISHIVAL,EQ,400.0,386.25,387.55,391.15,1184,2026-07-24
KRISHNADEF,EQ,1325.0,1271.9,1316.8,1309.3,70677,2026-07-24
KIMS,EQ,799.9,779.05,797.85,781.55,792395,2026-07-24
KRITIKA,EQ,5.65,5.4,5.47,5.53,122730,2026-07-24
KRONOX,EQ,155.88,148.0,154.39,152.41,86661,2026-07-24
KROSS,EQ,207.5,200.68,206.13,205.2,481606,2026-07-24
KRSNAA,EQ,550.35,525.85,544.8,536.4,118998,2026-07-24
KRYSTAL,EQ,602.7,600.05,601.4,600.6,10594,2026-07-24
KSB,EQ,875.0,840.1,866.05,870.25,65587,2026-07-24
KSHINTL,EQ,895.0,853.15,888.45,867.75,144915,2026-07-24
KSOLVES,EQ,285.2,273.05,280.9,280.7,67468,2026-07-24
KSR,EQ,29.8,28.2,29.52,28.72,8224,2026-07-24
KUANTUM,EQ,80.19,76.99,77.36,79.68,93014,2026-07-24
KUSUMGAR,EQ,613.3,588.75,601.35,608.25,735445,2026-07-24
KPL,EQ,2820.0,2664.0,2781.7,2672.3,45996,2026-07-24
KWIL,EQ,32.18,31.05,32.0,31.75,5210851,2026-07-24
LTF,EQ,304.8,297.15,302.4,305.05,2838253,2026-07-24
LTTS,EQ,3448.0,3337.5,3418.1,3375.3,84347,2026-07-24
LAOPALA,EQ,187.49,181.55,184.35,187.52,121977,2026-07-24
LAGNAM,EQ,92.0,86.51,90.31,89.59,13259,2026-07-24
LAHOTIOV,EQ,43.98,43.95,43.95,42.34,14,2026-07-24
LFIC,EQ,144.98,140.0,143.3,144.99,1220,2026-07-24
LAMBODHARA,EQ,113.02,110.61,112.27,112.96,4770,2026-07-24
LANCORHOL,EQ,26.59,23.73,25.81,24.18,199891,2026-07-24
LANDMARK,EQ,522.0,487.1,512.8,505.85,244103,2026-07-24
LPDC,EQ,6.35,6.0,6.1,6.18,86801,2026-07-24
LANDSMILL,EQ,0.77,0.75,0.75,0.75,1072049,2026-07-24
LT,EQ,3805.0,3720.0,3785.6,3792.4,1994087,2026-07-24
LASA,EQ,7.25,6.75,6.94,7.1,162692,2026-07-24
LASERPOWER,EQ,307.52,272.52,307.52,279.57,6556933,2026-07-24
LATENTVIEW,EQ,297.0,289.3,296.05,293.9,227178,2026-07-24
LAURUSLABS,EQ,1610.0,1554.9,1601.2,1568.3,2647403,2026-07-24
LAXMICOT,EQ,14.46,14.02,14.12,14.46,2474,2026-07-24
LAXMIDENTL,EQ,219.05,211.0,216.44,215.27,97347,2026-07-24
LGHL,EQ,224.9,200.9,203.91,206.24,38600,2026-07-24
LXCHEM,EQ,186.6,178.22,182.28,182.98,1572439,2026-07-24
LCCINFOTEC,EQ,4.73,4.33,4.38,4.55,51278,2026-07-24
LEMERITE,EQ,21.08,20.06,20.5,20.18,594209,2026-07-24
IXIGO,EQ,185.87,180.5,184.6,186.81,424728,2026-07-24
THELEELA,EQ,478.1,461.05,474.7,475.95,153341,2026-07-24
LEMONTREE,EQ,110.44,107.61,109.36,110.04,2400874,2026-07-24
LENSKART,EQ,559.75,545.3,555.9,557.4,2426138,2026-07-24
LEXUS,EQ,15.4,14.47,15.13,15.01,11135,2026-07-24
LGBBROSLTD,EQ,1553.0,1506.5,1540.4,1540.8,16520,2026-07-24
LGEINDIA,EQ,1537.7,1510.1,1527.2,1528.6,203768,2026-07-24
LIBAS,EQ,10.45,9.97,10.04,10.35,37048,2026-07-24
LIBERTSHOE,EQ,261.95,252.0,258.25,257.4,33450,2026-07-24
LICHSGFIN,EQ,542.15,529.25,538.95,533.7,516519,2026-07-24
LICMFGOLD,EQ,129.7,127.05,128.7,129.5,91049,2026-07-24
LICNETFN50,EQ,267.46,265.21,266.3,267.23,238,2026-07-24
LICNETFSEN,EQ,862.3,855.0,862.07,876.24,562,2026-07-24
LICNFNHGP,EQ,273.4,271.24,273.4,273.8,208,2026-07-24
LICNETFGSC,EQ,29.45,29.3,29.36,29.41,12021,2026-07-24
LICNMID100,EQ,62.23,61.3,62.07,62.01,59777,2026-07-24
LICI,EQ,424.0,416.6,421.3,421.4,862880,2026-07-24
LIKHITHA,EQ,230.0,222.2,226.6,231.2,22042,2026-07-24
LINC,EQ,103.31,100.8,102.67,103.31,7563,2026-07-24
LINCOLN,EQ,590.35,574.55,580.0,587.3,12329,2026-07-24
LINDEINDIA,EQ,6813.5,6651.5,6731.0,6709.5,19371,2026-07-24
LLOYDSENGG,EQ,88.9,84.88,88.42,87.36,6572695,2026-07-24
LLOYDSENT,EQ,78.45,75.7,78.04,77.98,2984293,2026-07-24
LLOYDSME,EQ,1950.0,1875.1,1940.5,1930.6,548561,2026-07-24
LMW,EQ,17699.0,15600.0,15763.0,15934.0,30751,2026-07-24
LODHA,EQ,1166.3,1124.0,1144.1,1146.4,1446063,2026-07-24
LORDSCHLO,EQ,152.0,144.0,149.05,145.07,38825,2026-07-24
LAL,EQ,8.89,8.3,8.38,8.74,16361,2026-07-24
LOTUSEYE,EQ,121.98,117.01,119.06,118.36,64806,2026-07-24
LOVABLE,EQ,72.88,70.53,71.96,71.93,9826,2026-07-24
LOYALTEX,EQ,225.0,204.7,205.05,207.06,158,2026-07-24
LTFOODS,EQ,377.05,369.4,375.6,373.25,220480,2026-07-24
LTM,EQ,4102.4,3937.0,4091.8,3965.3,367416,2026-07-24
LUMAXTECH,EQ,1472.5,1430.0,1465.8,1474.5,80809,2026-07-24
LUMAXIND,EQ,5150.0,5020.5,5142.0,5093.5,12385,2026-07-24
LUPIN,EQ,2388.4,2340.0,2370.5,2396.3,725528,2026-07-24
LUXIND,EQ,1233.0,1205.1,1226.6,1229.6,14548,2026-07-24
MBEL,EQ,297.75,287.45,296.3,291.25,76520,2026-07-24
MKPL,EQ,4.23,4.05,4.13,4.17,210683,2026-07-24
MCL,EQ,54.0,52.3,53.37,52.68,18743,2026-07-24
M&MFIN,EQ,368.0,355.55,356.5,370.35,4252062,2026-07-24
MAANALU,EQ,116.0,112.0,114.86,113.99,31311,2026-07-24
MCCHRLS-B,EQ,714.6,671.9,709.95,707.0,235,2026-07-24
MACPOWER,EQ,1384.6,1317.9,1344.5,1353.2,12213,2026-07-24
MADHAVIPL,EQ,8.18,7.69,7.85,7.99,115513,2026-07-24
MADHAV,EQ,34.06,32.1,33.79,34.06,13892,2026-07-24
MBAPL,EQ,149.0,144.05,148.25,146.8,855884,2026-07-24
MADRASFERT,EQ,67.5,65.6,66.35,66.63,37915,2026-07-24
MAFATIND,EQ,134.69,130.5,132.9,132.36,49727,2026-07-24
MAGADSUGAR,EQ,498.9,487.55,493.85,495.85,2754,2026-07-24
MCLOUD,EQ,27.2,26.4,26.61,27.25,2286973,2026-07-24
MAGNUM,EQ,20.2,18.52,19.42,19.08,89282,2026-07-24
MAHAPEXLTD,EQ,44.5,42.0,43.53,44.02,7751,2026-07-24
MFML,EQ,19.6,18.61,18.75,19.21,5449,2026-07-24
MHLXMIRU,EQ,139.88,135.29,139.58,138.71,9404,2026-07-24
MAHASTEEL,EQ,799.95,718.25,757.35,781.6,6046,2026-07-24
MGL,EQ,1082.9,1064.5,1077.0,1067.4,87747,2026-07-24
MTNL,EQ,27.2,26.27,27.11,26.75,852105,2026-07-24
MAHSCOOTER,EQ,12795.0,12407.0,12672.0,12575.0,1418,2026-07-24
MAHSEAMLES,EQ,573.9,557.2,571.55,565.1,46882,2026-07-24
M&M,EQ,3217.0,3135.1,3161.4,3229.7,2135688,2026-07-24
MAHEPC,EQ,107.09,103.51,105.38,104.69,43999,2026-07-24
MHRIL,EQ,220.74,211.81,218.85,218.07,132660,2026-07-24
MAHLIFE,EQ,381.85,364.0,374.65,377.5,560925,2026-07-24
MAHLOG,EQ,428.65,390.1,416.35,391.85,1696338,2026-07-24
MAITHANALL,EQ,980.0,956.6,959.3,969.0,43318,2026-07-24
MAJESAUT,EQ,428.8,410.0,422.8,429.45,16463,2026-07-24
MALLCOM,EQ,1058.0,980.0,1038.9,1001.6,3833,2026-07-24
MALUPAPER,EQ,38.8,34.51,35.68,34.93,299384,2026-07-24
MAMATA,EQ,398.45,393.0,395.45,397.15,46859,2026-07-24
MANAKCOAT,EQ,127.63,123.4,126.02,125.82,326266,2026-07-24
MANINDS,EQ,534.7,515.85,527.35,533.3,182399,2026-07-24
MANINFRA,EQ,97.75,95.52,96.68,97.68,758346,2026-07-24
MANAKALUCO,EQ,35.8,34.33,35.23,35.73,34625,2026-07-24
MANAKSIA,EQ,56.61,55.15,55.82,56.33,18168,2026-07-24
MANALIPETC,EQ,66.99,64.5,66.77,64.8,963190,2026-07-24
MANAPPURAM,EQ,354.2,343.55,352.95,352.45,3371207,2026-07-24
MANBA,EQ,139.04,137.0,138.21,137.09,188188,2026-07-24
MANCREDIT,EQ,218.11,209.49,215.03,215.68,178401,2026-07-24
MANGLMCEM,EQ,986.2,950.25,984.05,982.65,68805,2026-07-24
MANGALAM,EQ,27.67,26.4,27.22,27.17,12092,2026-07-24
MWL,EQ,36.25,34.75,36.0,35.8,250421,2026-07-24
MANKIND,EQ,2554.8,2501.3,2507.2,2557.4,186027,2026-07-24
MVGJL,EQ,157.58,153.0,155.76,154.84,33508,2026-07-24
MANOMAY,EQ,204.0,197.11,202.68,203.55,225729,2026-07-24
MANORAMA,EQ,1600.1,1567.3,1585.5,1579.9,67923,2026-07-24
MARATHON,EQ,390.45,376.2,382.75,383.75,38695,2026-07-24
MARICO,EQ,858.0,841.5,855.6,853.2,1968480,2026-07-24
MARINE,EQ,257.55,241.0,254.8,247.85,1018743,2026-07-24
MARKOLINES,EQ,178.58,173.5,175.85,176.26,179629,2026-07-24
MARKSANS,EQ,248.6,242.4,246.3,246.1,806514,2026-07-24
MARSONS,EQ,114.18,109.11,109.92,113.27,2244547,2026-07-24
MARUTI,EQ,13495.0,13197.0,13442.0,13403.0,223369,2026-07-24
MASFIN,EQ,314.8,309.1,313.55,315.0,95018,2026-07-24
MASTEK,EQ,1693.0,1632.1,1690.9,1679.4,49928,2026-07-24
MASTERTR,EQ,84.89,83.16,84.71,85.07,162120,2026-07-24
MATRIMONY,EQ,429.5,412.85,426.05,425.25,8090,2026-07-24
MAXESTATES,EQ,389.95,378.0,387.15,384.25,76888,2026-07-24
MFSL,EQ,1520.8,1484.8,1515.5,1503.9,1113093,2026-07-24
MAXHEALTH,EQ,1085.9,1068.8,1080.4,1084.2,983063,2026-07-24
MAXIND,EQ,186.0,173.0,182.11,165.65,3223259,2026-07-24
MAYURUNIQ,EQ,800.0,769.65,788.65,790.15,65366,2026-07-24
MAZDOCK,EQ,2311.9,2272.0,2293.8,2298.9,430126,2026-07-24
MEDIASSIST,EQ,341.0,334.55,340.05,338.25,99737,2026-07-24
MEDICAMEQ,EQ,243.0,233.2,241.85,237.65,14741,2026-07-24
MEDICO,EQ,38.51,37.5,37.99,38.29,23871,2026-07-24
MEDPLUS,EQ,722.5,713.0,720.55,715.2,176996,2026-07-24
MEESHO,EQ,188.3,177.5,185.24,188.95,20220263,2026-07-24
MEGASTAR,EQ,344.9,334.0,340.8,345.05,4553,2026-07-24
MOL,EQ,56.34,53.54,54.46,55.74,1114446,2026-07-24
MENNPIS,EQ,77.2,73.6,73.97,75.62,62729,2026-07-24
MERCANTILE,EQ,25.9,24.02,24.52,25.67,6541,2026-07-24
METROBRAND,EQ,1029.1,1006.2,1021.9,1024.9,29362,2026-07-24
METROGLOBL,EQ,132.0,127.32,129.79,128.05,466,2026-07-24
METROPOLIS,EQ,575.0,565.85,570.25,567.45,321877,2026-07-24
MIDWESTLTD,EQ,1246.2,1204.0,1234.2,1236.5,7810,2026-07-24
MINDACORP,EQ,678.95,650.0,676.45,657.75,192716,2026-07-24
MINDTECK,EQ,196.64,189.7,195.04,193.5,26982,2026-07-24
ALPHAETF,EQ,25.7,25.14,25.56,25.65,423306,2026-07-24
BANKETF,EQ,579.3,571.5,578.68,576.84,11177,2026-07-24
BANKPSU,EQ,85.0,82.9,84.43,83.85,25154,2026-07-24
CONSUMER,EQ,11.67,11.48,11.6,11.68,234428,2026-07-24
DEFENCE,EQ,78.5,77.05,77.94,78.2,228626,2026-07-24
DIVIDEND,EQ,35.13,34.7,35.1,35.11,2094,2026-07-24
ENERGY,EQ,39.18,38.76,39.06,39.21,291022,2026-07-24
EQUAL200,EQ,13.65,13.5,13.63,13.64,4010,2026-07-24
EQUAL50,EQ,328.5,326.5,328.36,329.52,1376,2026-07-24
EVINDIA,EQ,33.0,31.33,31.9,31.76,166314,2026-07-24
HEALTHCARE,EQ,21.16,20.86,20.96,21.06,22064,2026-07-24
INFRA,EQ,12.08,11.93,12.05,12.12,37781,2026-07-24
INTERNET,EQ,13.03,12.75,12.97,13.12,297194,2026-07-24
ITETF,EQ,30.55,29.85,30.48,30.27,481731,2026-07-24
LIQUID,EQ,1000.0,999.99,999.99,999.99,114699,2026-07-24
LIQUIDPLUS,EQ,1096.04,1096.02,1096.02,1095.59,446363,2026-07-24
ESG,EQ,41.08,40.62,40.97,41.0,9419,2026-07-24
MAFANG,EQ,196.15,195.16,196.13,197.77,227679,2026-07-24
BFSI,EQ,27.05,26.7,26.95,27.02,249270,2026-07-24
GOLDETF,EQ,140.01,137.12,138.89,139.7,2443785,2026-07-24
GSEC10YEAR,EQ,30.54,30.21,30.44,30.6,6855,2026-07-24
MAHKTECH,EQ,23.16,23.16,23.16,23.31,166114,2026-07-24
MIDCAPETF,EQ,23.28,22.88,23.19,23.16,2356671,2026-07-24
MAKEINDIA,EQ,162.5,160.01,161.52,162.06,20574,2026-07-24
NIFTYETF,EQ,265.88,256.63,258.5,259.4,219321,2026-07-24
LOWVOL,EQ,206.36,205.21,205.73,206.32,444,2026-07-24
NEXT50,EQ,742.3,733.01,740.35,740.84,46577,2026-07-24
SILVERAG,EQ,214.92,210.21,214.74,214.85,219037,2026-07-24
MASPTOP50,EQ,79.53,79.12,79.53,79.53,193708,2026-07-24
METAL,EQ,12.89,12.41,12.53,12.58,1374093,2026-07-24
MIDSMALL,EQ,50.3,49.5,50.07,50.07,343765,2026-07-24
MOMMIDCAP,EQ,12.43,12.21,12.34,12.37,891111,2026-07-24
MULTICAP,EQ,16.42,16.2,16.38,16.43,210778,2026-07-24
SELECTIPO,EQ,45.47,44.85,45.44,45.74,36526,2026-07-24
SENSEXETF,EQ,79.0,77.89,78.46,79.35,31512,2026-07-24
SMALL250,EQ,18.47,17.27,17.65,17.71,688184,2026-07-24
SMALLCAP,EQ,46.63,46.01,46.52,46.78,1726789,2026-07-24
TOP20,EQ,8.77,8.65,8.73,8.75,54931,2026-07-24
VALUE,EQ,16.0,15.81,15.99,16.01,77948,2026-07-24
MIRZAINT,EQ,36.08,34.6,35.06,35.5,169638,2026-07-24
MIDHANI,EQ,395.6,386.6,392.7,394.6,480859,2026-07-24
MITTAL,EQ,0.93,0.85,0.91,0.9,411075,2026-07-24
MMFL,EQ,554.9,538.0,551.85,547.95,69897,2026-07-24
MMP,EQ,286.95,280.85,281.7,286.3,40023,2026-07-24
MMTC,EQ,61.8,60.21,61.52,61.94,1489504,2026-07-24
MODTHREAD,EQ,48.8,46.02,47.66,49.56,934,2026-07-24
MODIRUBBER,EQ,128.4,122.5,125.86,123.61,253,2026-07-24
MODIS,EQ,412.0,387.75,392.1,402.25,46428,2026-07-24
MOHITIND,EQ,23.0,22.41,23.0,22.82,563,2026-07-24
MOIL,EQ,269.85,257.9,268.85,265.5,516209,2026-07-24
MOKSH,EQ,10.99,10.65,10.72,10.95,69013,2026-07-24
MOLDTKPAC,EQ,736.0,707.25,727.45,713.75,93298,2026-07-24
MOLDTECH,EQ,136.72,130.35,134.68,134.09,21942,2026-07-24
MONARCH,EQ,361.4,346.55,357.75,356.2,140737,2026-07-24
MONEYBOXX,EQ,60.36,56.0,59.97,57.98,10323,2026-07-24
MONTECARLO,EQ,542.65,531.3,537.1,538.0,30472,2026-07-24
MOREPENLAB,EQ,54.19,51.38,53.8,52.45,6492856,2026-07-24
MOSCHIP,EQ,236.0,224.95,231.79,233.69,2636913,2026-07-24
MSUMI,EQ,40.2,39.37,40.11,39.93,3663165,2026-07-24
MOM100,EQ,66.69,65.81,66.54,66.65,343930,2026-07-24
MON100,EQ,328.15,323.75,328.15,328.84,1012670,2026-07-24
MOTILALOFS,EQ,944.5,839.9,871.95,940.25,14328752,2026-07-24
MOM50,EQ,250.55,247.53,248.99,249.06,1685,2026-07-24
MOGSEC,EQ,65.74,64.81,64.97,65.2,1768,2026-07-24
MOALPHA50,EQ,52.94,52.18,52.9,53.22,3649,2026-07-24
MOBANK10,EQ,16.91,16.5,16.88,16.82,10117,2026-07-24
MOCAPITAL,EQ,53.32,52.1,52.81,52.96,889771,2026-07-24
MODEFENCE,EQ,103.4,101.5,102.55,102.86,1293769,2026-07-24
MOENERGY,EQ,39.36,38.71,39.06,39.08,104122,2026-07-24
MOGOLD,EQ,141.45,139.55,141.15,142.2,14430,2026-07-24
MOHEALTH,EQ,50.95,49.96,50.24,50.2,49645,2026-07-24
MOINFRA,EQ,60.56,59.63,60.46,60.47,3706,2026-07-24
MOIPO,EQ,45.9,45.08,45.59,45.9,4533,2026-07-24
MOLOWVOL,EQ,36.87,36.48,36.82,36.79,982,2026-07-24
MOMENTUM50,EQ,52.48,51.5,51.9,52.15,538077,2026-07-24
MOMGF,EQ,162.0,157.64,158.72,159.48,2410,2026-07-24
MOMIDMTM,EQ,63.58,61.71,62.64,62.48,91475,2026-07-24
MOMNC,EQ,32.4,32.21,32.27,32.44,185,2026-07-24
MOMOMENTUM,EQ,61.4,60.5,60.95,61.15,46929,2026-07-24
MON50EQUAL,EQ,34.0,32.7,33.04,32.98,5077,2026-07-24
MONEXT50,EQ,73.45,71.0,72.07,71.75,423,2026-07-24
MONIFTY100,EQ,26.17,24.78,25.0,25.25,14519,2026-07-24
MONIFTY500,EQ,23.55,23.26,23.51,23.45,453528,2026-07-24
MONQ50,EQ,142.45,142.45,142.45,142.42,100538,2026-07-24
MOPSE,EQ,102.8,99.3,101.0,101.24,2716,2026-07-24
MOQUALITY,EQ,199.98,198.17,199.23,200.02,424,2026-07-24
MOREALTY,EQ,89.07,86.66,88.28,88.57,774528,2026-07-24
MOSERVICE,EQ,30.69,30.33,30.57,30.78,13245,2026-07-24
MOSILVER,EQ,218.48,213.86,217.55,219.03,166348,2026-07-24
MOSMALL250,EQ,17.73,17.47,17.66,17.76,1620989,2026-07-24
MOTOUR,EQ,77.5,75.97,77.3,77.23,26411,2026-07-24
MOVALUE,EQ,113.95,111.52,112.7,113.02,52093,2026-07-24
MOTISONS,EQ,14.4,13.93,14.17,14.18,18513704,2026-07-24
MPHASIS,EQ,2340.0,2192.1,2288.1,2232.4,2105429,2026-07-24
MPSLTD,EQ,2800.0,2600.1,2769.7,2642.8,381275,2026-07-24
MRF,EQ,131490.0,130300.0,130755.0,132030.0,2595,2026-07-24
MRPL,EQ,177.48,168.61,169.75,175.95,9099976,2026-07-24
BECTORFOOD,EQ,211.16,196.51,206.63,199.34,6513496,2026-07-24
MSPL,EQ,35.99,34.11,35.37,34.75,448436,2026-07-24
MSTCLTD,EQ,613.55,586.0,607.2,598.05,236250,2026-07-24
MUFIN,EQ,125.99,122.05,124.32,125.2,879853,2026-07-24
MUKANDLTD,EQ,139.35,136.11,138.4,138.55,98875,2026-07-24
MUKKA,EQ,23.29,22.51,22.94,22.74,133024,2026-07-24
MCX,EQ,2747.3,2706.0,2730.0,2752.6,1157955,2026-07-24
MUNJALAU,EQ,100.9,98.01,99.77,100.96,219262,2026-07-24
MUNJALSHOW,EQ,136.4,134.01,135.82,136.07,20179,2026-07-24
MURUDCERA,EQ,31.94,29.3,30.4,30.92,91031,2026-07-24
RADIOCITY,EQ,6.49,6.33,6.4,6.54,173587,2026-07-24
MUTHOOTCAP,EQ,220.73,212.11,213.77,215.26,9128,2026-07-24
MUTHOOTFIN,EQ,2998.4,2925.1,2986.7,3010.4,1056004,2026-07-24
MUTHOOTMF,EQ,252.0,238.01,250.11,241.35,427922,2026-07-24
NRAIL,EQ,531.0,490.0,508.95,487.6,123055,2026-07-24
NBIFIN,EQ,2268.6,2202.1,2216.5,2253.9,416,2026-07-24
NACLIND,EQ,198.5,186.9,196.8,192.35,1070739,2026-07-24
NDGL,EQ,2889.9,2600.0,2774.5,2610.6,95,2026-07-24
NAGREEKEXP,EQ,23.65,22.36,23.14,22.99,919,2026-07-24
NAHARCAP,EQ,252.0,242.8,245.33,249.0,490,2026-07-24
NAHARINDUS,EQ,119.9,115.0,116.64,116.09,8021,2026-07-24
NAHARPOLY,EQ,278.0,265.6,273.8,271.75,20472,2026-07-24
NSIL,EQ,5522.0,5380.5,5452.5,5514.0,1818,2026-07-24
NDL,EQ,2.34,2.28,2.31,2.32,792308,2026-07-24
JAIPURKURT,EQ,27.99,26.05,27.01,27.75,4064,2026-07-24
NH,EQ,1982.9,1953.1,1961.5,1982.5,160451,2026-07-24
NARMADA,EQ,35.99,34.36,34.92,35.21,618646,2026-07-24
NATCOPHARM,EQ,926.9,911.6,921.45,918.55,211503,2026-07-24
NATHBIOGEN,EQ,161.98,153.61,161.13,154.65,19108,2026-07-24
NATIONALUM,EQ,344.9,339.65,343.9,346.0,2253982,2026-07-24
NFL,EQ,70.49,69.1,70.31,70.15,387667,2026-07-24
NATIONSTD,EQ,320.2,320.2,320.2,337.0,1406,2026-07-24
NATCAPSUQ,EQ,154.0,145.0,148.86,150.08,5606,2026-07-24
NAVA,EQ,562.4,547.0,554.8,555.55,266730,2026-07-24
NAVINFLUOR,EQ,7708.0,7505.0,7520.0,7673.5,70434,2026-07-24
NAVKARCORP,EQ,102.5,99.15,102.15,100.63,406576,2026-07-24
NAVNETEDUL,EQ,144.9,139.62,143.97,140.64,123284,2026-07-24
NAZARA,EQ,304.05,295.3,302.3,304.2,1001751,2026-07-24
NBCC,EQ,94.07,91.35,93.84,93.15,6730344,2026-07-24
NCC,EQ,137.74,134.1,137.09,136.18,932229,2026-07-24
NCLIND,EQ,185.0,183.0,184.67,184.81,10162,2026-07-24
NDLVENTURE,EQ,128.06,124.07,125.06,127.47,5559,2026-07-24
NDRAUTO,EQ,920.0,785.5,812.75,819.1,69694,2026-07-24
NDTV,EQ,76.95,74.63,76.66,75.68,104226,2026-07-24
NEAGI,EQ,3035.1,3035.1,3035.1,3134.5,1,2026-07-24
NELCAST,EQ,135.99,130.5,134.47,133.08,94731,2026-07-24
NELCO,EQ,944.95,915.1,932.8,933.9,163636,2026-07-24
NEOGEN,EQ,2121.9,2025.0,2062.8,2087.0,54018,2026-07-24
NEPHROPLUS,EQ,687.0,668.5,673.1,677.9,87056,2026-07-24
NESCO,EQ,1059.9,1036.0,1055.9,1050.1,24073,2026-07-24
NESTLEIND,EQ,1467.8,1431.0,1443.5,1447.9,3041475,2026-07-24
NETWEB,EQ,4222.0,4115.0,4156.0,4243.8,378694,2026-07-24
NPST,EQ,1548.0,1501.1,1519.2,1530.0,23373,2026-07-24
NETWORK18,EQ,28.85,27.78,28.62,28.13,3407920,2026-07-24
NEULANDLAB,EQ,18664.0,18234.0,18546.0,18431.0,11320,2026-07-24
NEWGEN,EQ,512.1,497.05,505.7,508.8,975202,2026-07-24
NEXTMEDIA,EQ,4.05,3.71,3.98,3.8,22745,2026-07-24
NGLFINE,EQ,3218.9,3132.2,3205.5,3198.0,2155,2026-07-24
NHPC,EQ,79.98,78.78,79.39,80.25,8630234,2026-07-24
NIBE,EQ,1516.2,1475.0,1504.3,1504.8,37570,2026-07-24
NIITMTS,EQ,234.0,225.03,230.18,231.77,134322,2026-07-24
NIITLTD,EQ,97.8,89.81,94.62,92.51,1140450,2026-07-24
NILAINFRA,EQ,7.41,7.25,7.32,7.43,120038,2026-07-24
NILASPACES,EQ,11.98,11.65,11.89,11.75,203806,2026-07-24
NILE,EQ,1831.6,1757.0,1802.6,1798.0,3032,2026-07-24
NILKAMAL,EQ,1703.0,1615.1,1676.1,1646.5,63340,2026-07-24
BANKBEES,EQ,588.97,581.0,587.76,586.72,840506,2026-07-24
CONSUMBEES,EQ,130.65,129.47,130.19,130.97,67350,2026-07-24
DIVOPPBEES,EQ,78.13,75.23,77.01,76.77,39393,2026-07-24
NV20BEES,EQ,141.06,137.25,138.91,138.48,15023,2026-07-24
GOLDBEES,EQ,119.88,116.75,117.91,118.69,25412327,2026-07-24
HNGSNGBEES,EQ,489.29,482.7,484.33,487.62,115717,2026-07-24
INFRABEES,EQ,960.0,947.0,957.26,958.3,6028,2026-07-24
ITBEES,EQ,32.07,31.32,32.0,31.74,12232521,2026-07-24
JUNIORBEES,EQ,778.0,766.52,776.3,776.24,314178,2026-07-24
LIQUIDBEES,EQ,1000.01,999.99,999.99,999.99,4338278,2026-07-24
LTGILTBEES,EQ,29.9,29.8,29.86,29.84,2450631,2026-07-24
MID150BEES,EQ,235.5,232.12,234.83,235.08,819538,2026-07-24
NIF100BEES,EQ,264.58,261.57,263.57,264.63,25401,2026-07-24
NIFTYBEES,EQ,271.65,269.38,271.21,271.98,8015499,2026-07-24
PSUBNKBEES,EQ,93.68,91.8,93.42,92.88,1394395,2026-07-24
SHARIABEES,EQ,455.33,450.41,453.94,456.09,2394,2026-07-24
NAM-INDIA,EQ,1119.0,1079.4,1112.5,1105.8,764070,2026-07-24
LIQGRWBEES,EQ,1049.06,1049.04,1049.05,1048.66,54646,2026-07-24
MANUFGBEES,EQ,161.74,158.04,159.47,160.14,2505,2026-07-24
AUTOBEES,EQ,283.7,276.6,281.18,283.7,247157,2026-07-24
PHARMABEES,EQ,26.59,26.02,26.28,26.32,2846354,2026-07-24
SILVERBEES,EQ,211.5,206.53,210.96,211.0,19686811,2026-07-24
SNXT30BEES,EQ,42.26,41.75,41.86,42.05,2819,2026-07-24
NIRAJISPAT,EQ,190.5,190.5,190.5,190.5,2,2026-07-24
NIRLON,EQ,625.0,606.15,620.6,620.15,8456,2026-07-24
NITCO,EQ,104.99,99.82,104.11,103.2,695339,2026-07-24
NITINSPIN,EQ,537.9,520.1,535.2,528.8,32325,2026-07-24
NITIRAJ,EQ,227.0,215.09,220.22,220.3,2255,2026-07-24
NITTAGELA,EQ,1935.4,1861.2,1909.0,1920.8,6134,2026-07-24
NIVABUPA,EQ,86.97,83.99,86.64,84.62,1115705,2026-07-24
NKIND,EQ,64.4,54.64,59.72,64.89,1033,2026-07-24
NLCINDIA,EQ,294.05,279.9,292.8,290.7,2551137,2026-07-24
NMDC,EQ,83.69,81.77,83.56,82.64,16131661,2026-07-24
NSLNISP,EQ,41.65,40.66,41.41,41.65,4399097,2026-07-24
NOCIL,EQ,162.34,158.8,160.11,162.11,332673,2026-07-24
NORTHARC,EQ,301.1,291.6,299.4,296.95,430335,2026-07-24
NOVARTIND,EQ,1724.0,1614.4,1641.2,1673.0,54369,2026-07-24
NRBBEARING,EQ,399.0,382.4,397.65,393.0,152822,2026-07-24
NIBL,EQ,38.0,35.0,36.98,35.44,151055,2026-07-24
NTPCGREEN,EQ,98.22,94.88,96.32,97.22,16099089,2026-07-24
NTPC,EQ,350.0,345.1,347.2,348.6,6300466,2026-07-24
NUCLEUS,EQ,735.65,718.05,724.55,730.3,21022,2026-07-24
NURECA,EQ,309.68,290.12,301.64,296.76,43709,2026-07-24
NUVAMA,EQ,2066.0,1921.1,1980.1,1947.2,3576148,2026-07-24
NUVOCO,EQ,361.75,351.0,356.05,361.85,495896,2026-07-24
OBCL,EQ,53.77,51.51,52.39,53.11,12262,2026-07-24
OBEROIRLTY,EQ,1830.0,1785.6,1821.2,1818.1,191482,2026-07-24
ONGC,EQ,253.56,248.27,248.76,252.37,7645869,2026-07-24
OIL,EQ,465.0,448.95,449.75,458.8,2893431,2026-07-24
OLAELEC,EQ,37.75,36.27,37.08,37.0,40506448,2026-07-24
OLECTRA,EQ,1343.7,1297.2,1336.3,1318.3,224871,2026-07-24
OMINFRAL,EQ,87.86,86.5,87.1,88.16,52200,2026-07-24
OMPOWER,EQ,169.56,165.14,169.2,165.84,102833,2026-07-24
OMAXE,EQ,88.7,85.25,87.66,86.88,314132,2026-07-24
OMNI,EQ,627.65,583.05,612.0,591.7,564205,2026-07-24
PAYTM,EQ,1296.7,1236.5,1283.2,1256.8,3609944,2026-07-24
MOBIKWIK,EQ,204.44,196.8,201.02,205.48,944363,2026-07-24
ONEPOINT,EQ,54.56,53.24,53.98,54.07,275426,2026-07-24
KISSHT,EQ,350.5,334.3,340.15,345.95,1265697,2026-07-24
ONESOURCE,EQ,1663.2,1631.9,1653.9,1654.3,87251,2026-07-24
ONWARDTEC,EQ,293.95,282.0,290.65,291.45,60942,2026-07-24
OPTIEMUS,EQ,609.95,591.05,599.95,615.55,151624,2026-07-24
OFSS,EQ,10930.0,10549.0,10652.0,10843.0,452845,2026-07-24
ORCHASP,EQ,1.73,1.47,1.58,1.71,2356060,2026-07-24
ORCHPHARMA,EQ,999.0,951.95,988.6,962.5,51067,2026-07-24
ORICONENT,EQ,55.7,53.75,55.03,54.81,18709,2026-07-24
ORIENTBELL,EQ,323.1,310.05,319.5,316.1,13382,2026-07-24
ORIENTCEM,EQ,134.68,130.62,133.8,134.35,544248,2026-07-24
ORIENTCER,EQ,41.85,39.8,40.77,40.6,28171,2026-07-24
ORIENTELEC,EQ,177.75,169.57,170.74,174.33,1084287,2026-07-24
GREENPOWER,EQ,10.16,9.76,10.03,9.9,3075678,2026-07-24
ORIENTHOT,EQ,137.0,125.42,134.84,127.41,1834562,2026-07-24
ORIENTPPR,EQ,17.8,17.1,17.58,17.76,263417,2026-07-24
ORIENTLTD,EQ,89.29,73.0,89.29,74.41,93729,2026-07-24
ORIENTTECH,EQ,259.95,253.16,258.78,257.16,82147,2026-07-24
OAL,EQ,377.4,343.5,373.0,352.25,45325,2026-07-24
ORIENTALTL,EQ,5.34,5.21,5.31,5.31,31831,2026-07-24
ORISSAMINE,EQ,3782.0,3551.0,3747.0,3648.5,9339,2026-07-24
ORKLAINDIA,EQ,562.2,553.55,556.75,559.45,30536,2026-07-24
OSWALGREEN,EQ,20.94,20.37,20.71,20.81,61627,2026-07-24
OSWALPUMPS,EQ,360.55,335.5,359.15,338.85,1144502,2026-07-24
PNGJL,EQ,654.2,630.35,647.0,650.6,392452,2026-07-24
PGHH,EQ,9027.5,8910.0,8974.5,8984.0,15433,2026-07-24
PACEDIGITK,EQ,196.85,191.21,195.25,197.19,933719,2026-07-24
PAGEIND,EQ,40480.0,39780.0,40275.0,40270.0,28105,2026-07-24
PAISALO,EQ,73.88,69.65,70.17,72.49,13674419,2026-07-24
PAKKA,EQ,72.35,70.01,71.49,71.52,34937,2026-07-24
PALASHSECU,EQ,89.5,88.05,88.31,90.11,515,2026-07-24
PANACEABIO,EQ,449.0,433.0,441.2,445.4,172526,2026-07-24
PANAMAPET,EQ,518.5,490.15,498.25,500.75,1047958,2026-07-24
PANSARI,EQ,362.0,352.05,355.2,357.6,1923,2026-07-24
PAR,EQ,96.99,93.21,93.79,96.18,12063,2026-07-24
PARADEEP,EQ,136.95,132.9,136.07,136.31,1765247,2026-07-24
PARAGMILK,EQ,215.0,210.1,214.2,215.16,282921,2026-07-24
PARACABLES,EQ,62.27,59.5,61.64,62.28,1393474,2026-07-24
PARAS,EQ,1205.0,1152.4,1195.2,1197.5,680838,2026-07-24
PARASPETRO,EQ,2.02,1.96,1.99,1.99,62965,2026-07-24
PARKHOSPS,EQ,283.0,276.0,280.25,283.8,194207,2026-07-24
PARKHOTELS,EQ,123.45,120.06,122.39,123.36,140321,2026-07-24
PASHUPATI,EQ,87.55,86.05,87.09,86.99,28377,2026-07-24
PATANJALI,EQ,342.9,330.8,340.95,337.65,5715863,2026-07-24
PATELENG,EQ,28.83,27.65,28.02,28.05,6877588,2026-07-24
PATELRMART,EQ,224.5,217.0,223.44,221.57,54148,2026-07-24
PML,EQ,497.75,480.0,485.6,485.25,142,2026-07-24
PAUSHAKLTD,EQ,572.0,538.1,562.45,546.0,22691,2026-07-24
PAVNAIND,EQ,16.49,15.61,16.09,15.92,21107,2026-07-24
POLICYBZR,EQ,1546.6,1502.1,1537.2,1526.7,1154630,2026-07-24
PCJEWELLER,EQ,9.5,9.15,9.28,9.35,266635676,2026-07-24
PCBL,EQ,320.35,307.4,317.9,319.6,1308687,2026-07-24
PDSL,EQ,356.75,347.3,352.0,356.5,285160,2026-07-24
PGIL,EQ,1997.8,1932.1,1974.5,1949.8,61015,2026-07-24
PENIND,EQ,164.32,160.0,162.84,163.06,169251,2026-07-24
PERSISTENT,EQ,5217.8,4965.1,5200.5,5001.9,732328,2026-07-24
PETRONET,EQ,275.15,267.9,274.7,269.45,2466930,2026-07-24
PFIZER,EQ,4648.7,4554.0,4623.6,4652.4,15577,2026-07-24
PGEL,EQ,575.9,561.4,572.45,576.65,870572,2026-07-24
PWL,EQ,132.6,124.81,128.05,133.25,12191137,2026-07-24
PIIND,EQ,2773.3,2703.3,2731.2,2742.6,239371,2026-07-24
PICCADIL,EQ,739.9,721.0,737.2,736.75,138360,2026-07-24
PIDILITIND,EQ,1585.0,1537.1,1570.9,1564.2,2199982,2026-07-24
PILANIINVS,EQ,4334.9,4240.5,4311.4,4303.2,928,2026-07-24
PINELABS,EQ,147.4,142.8,145.67,147.48,7741143,2026-07-24
PIONEEREMB,EQ,22.4,21.5,22.05,21.83,3343,2026-07-24
PIONRINV,EQ,97.73,91.7,94.14,97.25,7513,2026-07-24
PIRAMALFIN,EQ,2112.9,2046.0,2085.4,2106.1,204392,2026-07-24
PPLPHARMA,EQ,182.32,178.24,181.27,180.83,3895346,2026-07-24
PITTIENG,EQ,926.8,900.0,920.65,913.65,21212,2026-07-24
PIXTRANS,EQ,1792.1,1750.4,1766.1,1790.0,11270,2026-07-24
PLASTIBLEN,EQ,190.89,185.57,188.85,189.77,75608,2026-07-24
PLATIND,EQ,230.0,222.5,227.82,228.85,47451,2026-07-24
PNBGILTS,EQ,86.75,83.12,85.51,84.55,310440,2026-07-24
PNBHOUSING,EQ,1080.0,1043.0,1058.0,1066.8,429139,2026-07-24
PNCINFRA,EQ,240.11,229.65,238.21,234.03,348936,2026-07-24
PNGSREVA,EQ,413.6,394.95,405.95,410.3,44627,2026-07-24
PODDARMENT,EQ,265.93,258.0,263.98,261.61,5129,2026-07-24
POKARNA,EQ,939.0,909.6,926.5,936.6,37000,2026-07-24
POLYMED,EQ,1676.0,1611.1,1664.0,1630.3,59004,2026-07-24
POLYCAB,EQ,8970.0,8841.0,8907.5,8935.0,189569,2026-07-24
POLYPLEX,EQ,1150.0,1110.15,1128.95,1142.15,101805,2026-07-24
POCL,EQ,535.0,512.0,526.2,531.3,399659,2026-07-24
PONNIERODE,EQ,323.7,309.0,316.0,321.2,23701,2026-07-24
POONAWALLA,EQ,466.3,451.0,459.7,464.95,623865,2026-07-24
PVSL,EQ,108.0,103.4,106.01,105.33,56743,2026-07-24
PFC,EQ,414.15,405.3,411.9,410.05,4851080,2026-07-24
POWERGRID,EQ,290.05,286.4,288.2,289.8,8474555,2026-07-24
PIGL,EQ,111.66,101.41,105.29,109.56,186532,2026-07-24
POWERMECH,EQ,2616.4,2512.6,2593.6,2555.6,58433,2026-07-24
POWERICA,EQ,575.0,549.05,568.25,552.85,150639,2026-07-24
PRABHA,EQ,143.98,138.18,139.86,140.39,18056,2026-07-24
PRAJIND,EQ,326.0,315.1,323.5,322.5,439056,2026-07-24
PRAENG,EQ,22.73,21.45,22.42,22.98,149159,2026-07-24
PRAKASH,EQ,124.23,122.35,123.77,123.4,167798,2026-07-24
PRAKASHSTL,EQ,4.05,4.0,4.01,4.01,49703,2026-07-24
DIAMONDYD,EQ,1120.9,1100.8,1111.4,1114.7,4707,2026-07-24
PRAVEG,EQ,294.74,283.0,285.08,295.48,88092,2026-07-24
PRECAM,EQ,139.69,133.0,138.65,138.28,49216,2026-07-24
PRECWIRE,EQ,374.0,363.05,372.5,367.8,108921,2026-07-24
PRECOT,EQ,831.0,801.05,823.75,825.6,2025,2026-07-24
PREMCO,EQ,379.9,360.0,363.9,367.0,423,2026-07-24
PREMIERENE,EQ,1024.1,1007.5,1019.3,1024.7,934272,2026-07-24
PREMEXPLN,EQ,674.1,657.0,662.1,663.6,261823,2026-07-24
PREMIERPOL,EQ,80.64,76.3,79.3,78.65,421135,2026-07-24
PRESTIGE,EQ,1618.6,1579.3,1592.8,1624.0,793038,2026-07-24
PRICOLLTD,EQ,633.3,613.15,628.7,626.1,501687,2026-07-24
PFOCUS,EQ,292.25,283.51,289.29,286.52,524647,2026-07-24
PRIMESECU,EQ,292.0,272.2,274.45,279.4,102738,2026-07-24
PRIMO,EQ,22.5,21.96,22.34,22.35,63165,2026-07-24
PRINCEPIPE,EQ,262.6,251.5,261.2,257.2,131722,2026-07-24
PRSMJOHNSN,EQ,109.5,106.01,108.02,108.02,89164,2026-07-24
PNC,EQ,20.0,18.9,19.35,19.28,5189,2026-07-24
PRIVISCL,EQ,3622.0,3491.0,3595.2,3585.9,65489,2026-07-24
PGHL,EQ,6745.0,6631.5,6714.0,6703.5,3296,2026-07-24
PROSTARM,EQ,124.85,119.24,123.67,121.65,125192,2026-07-24
PROTEAN,EQ,600.3,565.0,593.9,571.7,488295,2026-07-24
PROZONER,EQ,45.49,43.26,43.8,44.91,184409,2026-07-24
PRUDENT,EQ,2895.0,2762.0,2858.9,2871.4,59039,2026-07-24
PSPPROJECT,EQ,1039.9,972.6,1031.2,987.4,126098,2026-07-24
PFS,EQ,29.53,28.92,29.28,29.54,379611,2026-07-24
PTC,EQ,168.18,163.8,164.4,168.38,1325001,2026-07-24
PTCIL,EQ,17965.0,17536.0,17732.0,17836.0,15178,2026-07-24
PTL,EQ,40.11,39.1,39.26,39.32,22059,2026-07-24
PDMJEPAPER,EQ,93.4,89.41,91.72,93.24,177844,2026-07-24
PSB,EQ,24.05,23.41,23.77,24.14,1249417,2026-07-24
PUNJABCHEM,EQ,1134.3,1108.0,1121.6,1136.2,2432,2026-07-24
PNB,EQ,110.64,108.71,110.38,110.15,11902256,2026-07-24
PURVA,EQ,214.69,209.0,213.35,211.7,101573,2026-07-24
PVP,EQ,28.04,27.06,27.31,27.72,176625,2026-07-24
PVRINOX,EQ,1070.0,1008.2,1063.95,1007.4,1849646,2026-07-24
PYRAMID,EQ,165.58,158.95,164.21,162.92,41343,2026-07-24
QMSMEDI,EQ,117.0,108.25,110.6,108.18,18570,2026-07-24
QUADFUTURE,EQ,381.85,338.8,361.05,381.1,1318885,2026-07-24
QGOLDHALF,EQ,118.36,116.98,118.07,118.87,120432,2026-07-24
QNIFTY,EQ,263.75,260.0,261.6,262.44,1564,2026-07-24
QUESS,EQ,299.8,292.0,295.4,297.65,115166,2026-07-24
QUINT,EQ,38.64,38.64,38.64,38.16,210,2026-07-24
RKSWAMY,EQ,103.3,99.92,101.37,99.86,83008,2026-07-24
RMDRIP,EQ,18.4,17.68,18.11,18.07,1461146,2026-07-24
RRIL,EQ,16.94,16.01,16.63,16.67,21307,2026-07-24
RRKABEL,EQ,2506.0,2330.2,2493.6,2378.3,943722,2026-07-24
RSDFIN,EQ,82.81,82.81,82.81,82.82,4,2026-07-24
RSYSTEMS,EQ,248.01,241.14,245.51,248.64,178765,2026-07-24
RNBDENIMS,EQ,9.52,9.15,9.27,9.42,143563,2026-07-24
RPPINFRA,EQ,62.0,60.8,61.5,61.79,20904,2026-07-24
RACE,EQ,110.97,107.02,109.25,108.29,215,2026-07-24
RACLGEAR,EQ,1326.4,1285.1,1315.5,1325.5,15982,2026-07-24
RADAAN,EQ,2.98,2.78,2.88,2.91,19992,2026-07-24
RADHIKAJWE,EQ,64.75,62.2,63.63,63.97,289847,2026-07-24
RADIANTCMS,EQ,37.5,36.7,36.93,36.93,113215,2026-07-24
RADICO,EQ,4118.0,4038.9,4091.3,4065.3,343711,2026-07-24
RPEL,EQ,1309.9,1275.0,1303.2,1292.2,48925,2026-07-24
RVNL,EQ,225.98,220.84,224.53,224.13,5204038,2026-07-24
RAILTEL,EQ,287.6,279.3,284.75,287.55,695273,2026-07-24
RAIN,EQ,226.8,216.36,225.23,223.44,4677755,2026-07-24
RAINBOW,EQ,1475.3,1428.0,1457.8,1466.1,56582,2026-07-24
ROML,EQ,44.81,43.57,44.51,44.45,2720,2026-07-24
RAJTV,EQ,12.0,11.6,11.67,11.92,29485,2026-07-24
RAJPALAYAM,EQ,825.0,802.0,807.75,823.1,493,2026-07-24
ARENTERP,EQ,52.9,42.2,44.24,49.46,166894,2026-07-24
RAJMET,EQ,3.43,3.22,3.36,3.41,317292,2026-07-24
RSL,EQ,134.24,130.0,132.72,134.24,160809,2026-07-24
RAJRATAN,EQ,524.0,481.1,488.3,501.55,1415765,2026-07-24
RPPL,EQ,22.4,21.08,21.47,21.96,54235,2026-07-24
RAJSREESUG,EQ,30.45,29.4,29.97,30.32,16358,2026-07-24
RALLIS,EQ,222.0,216.6,218.72,221.97,760800,2026-07-24
RAMRAT,EQ,416.0,401.35,414.1,407.95,47043,2026-07-24
RAMAPHO,EQ,138.9,121.36,131.1,125.21,153019,2026-07-24
RAMCOIND,EQ,334.05,326.0,329.15,334.05,151711,2026-07-24
RAMCOSYS,EQ,727.25,710.95,710.95,789.9,227614,2026-07-24
RKFORGE,EQ,588.9,569.6,580.7,584.0,3245747,2026-07-24
RAMKY,EQ,374.1,368.0,371.1,372.3,41637,2026-07-24
RANASUG,EQ,11.87,11.52,11.78,11.64,79816,2026-07-24
RML,EQ,1142.9,1105.1,1130.4,1124.8,14317,2026-07-24
RANEHOLDIN,EQ,1740.0,1692.2,1738.4,1723.2,7386,2026-07-24
RPTECH,EQ,787.95,749.75,779.85,761.55,511769,2026-07-24
RCF,EQ,124.77,121.62,124.22,124.16,654634,2026-07-24
RATEGAIN,EQ,904.8,850.65,900.4,877.2,192327,2026-07-24
RATNAMANI,EQ,2447.8,2381.0,2394.5,2425.2,26552,2026-07-24
RATNAVEER,EQ,181.46,175.07,178.61,177.47,762108,2026-07-24
RTNINDIA,EQ,31.9,30.71,31.6,31.52,737118,2026-07-24
RTNPOWER,EQ,9.19,8.4,8.63,8.54,24274112,2026-07-24
RKDL,EQ,19.98,18.96,19.91,19.72,46872,2026-07-24
RVHL,EQ,46.0,45.0,45.87,45.59,3043,2026-07-24
RELTD,EQ,173.6,167.42,171.45,173.28,121950,2026-07-24
RAYMONDLSL,EQ,718.25,700.05,714.95,715.95,77620,2026-07-24
RAYMOND,EQ,602.1,581.55,588.4,605.6,358794,2026-07-24
RAYMONDREL,EQ,659.0,627.15,654.55,643.9,383921,2026-07-24
RBLBANK,EQ,354.6,347.85,352.9,353.85,2705750,2026-07-24
RBZJEWEL,EQ,141.71,136.1,140.91,140.9,48185,2026-07-24
RECLTD,EQ,364.5,354.9,361.6,358.45,4578306,2026-07-24
REDINGTON,EQ,263.65,255.7,259.05,262.05,1016983,2026-07-24
REDTAPE,EQ,131.99,125.0,126.77,127.83,301077,2026-07-24
REFEX,EQ,318.95,307.0,316.0,313.85,429930,2026-07-24
REGENCERAM,EQ,36.98,32.81,33.94,34.64,4305,2026-07-24
RELAXO,EQ,405.55,386.25,402.95,396.1,626262,2026-07-24
GILT5YBEES,EQ,66.16,65.76,65.88,65.8,59103,2026-07-24
RELIABLE,EQ,145.32,141.0,143.88,143.83,5297,2026-07-24
RELCHEMQ,EQ,128.1,122.35,127.29,126.81,2838,2026-07-24
RIIL,EQ,741.95,719.45,729.55,742.15,100144,2026-07-24
RELIANCE,EQ,1283.4,1249.8,1278.0,1272.2,9817000,2026-07-24
RPOWER,EQ,24.4,23.14,24.06,23.44,23575748,2026-07-24
RELIGARE,EQ,259.65,249.6,258.05,253.05,1033687,2026-07-24
REMSONSIND,EQ,79.2,76.2,78.31,78.82,64864,2026-07-24
RGL,EQ,118.7,116.01,118.11,118.1,165862,2026-07-24
REPCOHOME,EQ,391.6,384.0,388.4,390.55,65396,2026-07-24
REPRO,EQ,375.65,369.65,371.9,370.25,5059,2026-07-24
RESPONIND,EQ,177.25,172.98,176.02,176.97,114048,2026-07-24
RBA,EQ,66.0,63.57,65.16,64.9,3860698,2026-07-24
RVTH,EQ,706.0,675.0,685.05,690.8,165,2026-07-24
RHETAN,EQ,29.18,28.21,28.35,28.57,3457900,2026-07-24
RHIM,EQ,404.45,388.25,398.95,395.6,745087,2026-07-24
RICOAUTO,EQ,141.9,132.07,139.07,135.43,3252527,2026-07-24
RIR,EQ,158.0,155.1,157.51,157.66,56559,2026-07-24
RISHABH,EQ,633.05,612.0,622.3,632.25,106428,2026-07-24
RITCO,EQ,305.0,290.0,297.2,294.3,196846,2026-07-24
RITES,EQ,214.71,210.24,213.7,213.37,351076,2026-07-24
RKEC,EQ,28.3,26.08,26.73,27.71,40232,2026-07-24
RMC,EQ,270.9,262.9,268.05,268.0,18124,2026-07-24
RHL,EQ,168.55,165.98,167.34,168.81,3943,2026-07-24
ROLEXRINGS,EQ,140.0,134.55,139.64,137.05,892279,2026-07-24
ROSSARI,EQ,497.75,487.0,489.8,491.95,71170,2026-07-24
ROSSELLIND,EQ,60.6,57.5,58.94,60.01,44757,2026-07-24
ROSSTECH,EQ,989.0,950.0,983.3,974.45,62779,2026-07-24
ROTO,EQ,68.5,65.76,68.08,67.31,315528,2026-07-24
ROUTE,EQ,609.9,562.0,568.55,600.45,4437820,2026-07-24
ROHLTD,EQ,314.5,306.0,310.95,312.35,17182,2026-07-24
RPGLIFE,EQ,3010.2,2800.0,2937.0,2902.5,12138,2026-07-24
RPSGVENT,EQ,903.0,890.2,893.95,900.6,7077,2026-07-24
RUBFILA,EQ,73.8,72.0,73.08,72.75,6158,2026-07-24
RUBICON,EQ,1560.0,1489.5,1520.2,1525.4,183736,2026-07-24
RUCHINFRA,EQ,6.15,5.76,5.99,5.95,53651,2026-07-24
RUCHIRA,EQ,108.29,106.0,106.47,108.07,22322,2026-07-24
RUPA,EQ,164.48,160.4,163.19,162.61,57237,2026-07-24
RUSHIL,EQ,18.44,16.5,17.76,16.98,2305661,2026-07-24
SCHAND,EQ,149.52,146.0,147.69,148.63,13250,2026-07-24
SHK,EQ,142.0,137.11,140.65,140.58,217037,2026-07-24
S&SPOWER,EQ,358.0,340.0,347.3,344.65,4791,2026-07-24
SPAL,EQ,1026.6,963.4,1002.8,977.4,91370,2026-07-24
SAATVIKGL,EQ,442.95,430.45,440.55,437.15,50435,2026-07-24
SABEVENTS,EQ,7.91,7.31,7.67,7.58,9282,2026-07-24
SADBHAV,EQ,7.99,7.7,7.9,7.84,81419,2026-07-24
SAFARI,EQ,1562.4,1530.0,1538.9,1551.6,12888,2026-07-24
SAGCEM,EQ,179.04,174.03,177.54,176.6,23592,2026-07-24
SAGARDEEP,EQ,25.5,24.5,25.16,25.06,7277,2026-07-24
SAGILITY,EQ,41.57,40.28,40.42,41.32,18644024,2026-07-24
SAHYADRI,EQ,282.95,270.05,281.25,279.15,11721,2026-07-24
SAILIFE,EQ,1242.3,1223.8,1232.9,1240.3,273980,2026-07-24
SAIPARENT,EQ,546.05,529.0,535.6,539.7,63939,2026-07-24
KALAMANDIR,EQ,88.64,86.25,88.43,88.56,494954,2026-07-24
SAKAR,EQ,876.0,785.6,802.2,827.6,547254,2026-07-24
SAKSOFT,EQ,170.0,160.5,168.3,164.59,932311,2026-07-24
SAKHTISUG,EQ,17.39,16.78,17.28,17.06,75811,2026-07-24
SALASAR,EQ,6.03,5.81,5.97,5.9,2362332,2026-07-24
SALONA,EQ,254.9,245.15,248.8,255.05,2240,2026-07-24
SALZERELEC,EQ,586.95,571.15,575.95,578.1,29366,2026-07-24
SAMBHAAV,EQ,6.28,6.11,6.11,6.14,48447,2026-07-24
SAMBHV,EQ,116.55,113.0,115.92,115.25,606802,2026-07-24
SAMHI,EQ,180.0,167.08,177.66,169.87,1245766,2026-07-24
SAMMAANCAP,EQ,161.0,154.49,160.64,157.94,9791627,2026-07-24
SAMPANN,EQ,27.84,26.31,27.57,27.25,20823,2026-07-24
MOTHERSON,EQ,146.66,143.0,145.55,145.57,9305257,2026-07-24
SANATHAN,EQ,499.0,475.0,483.0,483.6,44303,2026-07-24
SANDESH,EQ,979.4,949.0,979.0,966.6,88,2026-07-24
SANDHAR,EQ,598.25,575.0,593.95,585.7,97744,2026-07-24
SANDUMA,EQ,195.91,191.0,195.04,194.52,374296,2026-07-24
SANGAMIND,EQ,624.6,602.05,615.85,619.7,33676,2026-07-24
SANGHVIMOV,EQ,460.8,420.0,455.7,425.75,616922,2026-07-24
SANOFICONR,EQ,4709.3,4552.0,4674.7,4652.1,3636,2026-07-24
SANOFI,EQ,3428.7,3360.6,3388.9,3394.3,28483,2026-07-24
SANSERA,EQ,3201.0,3100.9,3184.7,3188.7,319400,2026-07-24
SANSTAR,EQ,109.99,103.15,108.97,105.95,204890,2026-07-24
SAPPHIRE,EQ,185.36,171.9,179.12,179.96,5304468,2026-07-24
ZSARACOM,EQ,12900.0,12168.5,12364.5,12918.5,58,2026-07-24
SSDL,EQ,53.53,51.53,52.47,52.49,17154,2026-07-24
SARDAEN,EQ,504.3,491.65,502.25,502.45,131350,2026-07-24
SAREGAMA,EQ,498.3,470.4,496.5,488.75,417896,2026-07-24
SARLAPOLY,EQ,102.78,97.71,100.01,101.78,50925,2026-07-24
SMLT,EQ,68.0,65.7,66.79,66.64,2839,2026-07-24
SASKEN,EQ,1851.7,1801.8,1821.0,1833.6,26604,2026-07-24
SATIA,EQ,62.28,60.1,60.45,62.54,85926,2026-07-24
SATIN,EQ,270.5,251.4,268.87,256.25,1479864,2026-07-24
SAURASHCEM,EQ,57.48,54.96,55.66,57.04,142831,2026-07-24
SOTL,EQ,657.95,615.9,645.75,645.1,788544,2026-07-24
SAYAJIHOTL,EQ,300.0,298.5,299.6,300.0,4,2026-07-24
SBC,EQ,42.3,42.05,42.07,42.15,9350041,2026-07-24
SBFC,EQ,92.48,90.01,92.18,90.52,696691,2026-07-24
SBICARD,EQ,625.9,611.0,618.75,622.05,616274,2026-07-24
SBIFUNDS,EQ,589.4,572.0,587.3,577.4,6738164,2026-07-24
SBILIFE,EQ,1889.5,1830.1,1858.6,1853.5,1034104,2026-07-24
SETFGOLD,EQ,121.88,119.41,121.62,122.48,2541001,2026-07-24
SETFNIF50,EQ,259.2,254.6,256.26,257.17,682015,2026-07-24
SETFNIFBK,EQ,584.0,576.25,583.2,582.1,51346,2026-07-24
SETFNN50,EQ,771.76,761.01,769.7,773.53,30013,2026-07-24
LIQUIDSBI,EQ,1000.01,999.99,1000.0,1000.0,2264,2026-07-24
SBIBPB,EQ,48.52,47.48,48.32,48.1,105555,2026-07-24
SBIETFCON,EQ,121.98,120.35,120.82,121.14,1539,2026-07-24
SBIETFIT,EQ,319.9,312.36,318.71,320.54,11308,2026-07-24
SBIETFPB,EQ,279.0,276.0,278.46,278.91,34579,2026-07-24
SBIETFQLTY,EQ,220.43,217.88,219.48,219.65,2008,2026-07-24
SBILIQETF,EQ,1049.07,1049.05,1049.06,1048.63,53061,2026-07-24
SBIMIDMOM,EQ,61.98,60.85,61.35,61.6,9450,2026-07-24
SBINEQWETF,EQ,33.42,32.82,33.02,33.12,232667,2026-07-24
SBINMID150,EQ,23.23,22.41,22.8,22.81,22315,2026-07-24
SBISILVER,EQ,216.5,211.65,215.98,216.32,730658,2026-07-24
SBISMLETF,EQ,17.74,17.45,17.67,17.69,49880,2026-07-24
SBIVALETF,EQ,14.87,14.72,14.84,14.88,10058,2026-07-24
SETF10GILT,EQ,272.31,262.9,264.32,265.67,3215,2026-07-24
SCANSTL,EQ,50.0,47.42,49.79,49.6,109025,2026-07-24
SCHAEFFLER,EQ,4125.0,3950.1,4107.7,4093.2,79917,2026-07-24
SCHNEIDER,EQ,1372.7,1322.4,1352.6,1341.4,130128,2026-07-24
SCODATUBES,EQ,148.0,140.51,146.93,142.32,127434,2026-07-24
SEAMECLTD,EQ,1411.1,1375.6,1396.3,1402.1,52979,2026-07-24
SECMARK,EQ,130.0,127.4,128.18,125.75,18,2026-07-24
SECURKLOUD,EQ,17.99,16.82,17.47,17.71,28667,2026-07-24
SEDEMAC,EQ,2773.8,2673.5,2689.2,2749.9,68966,2026-07-24
SELMC,EQ,28.59,27.8,28.24,28.18,3593,2026-07-24
SENCO,EQ,388.95,377.2,382.85,386.25,858782,2026-07-24
SENORES,EQ,1403.6,1371.5,1387.5,1395.6,122571,2026-07-24
SEPC,EQ,6.05,5.83,6.01,5.94,11770578,2026-07-24
SERVOTECH,EQ,96.78,93.01,95.64,97.31,882979,2026-07-24
STYL,EQ,389.9,363.0,384.45,400.15,518436,2026-07-24
SESHAPAPER,EQ,232.02,224.2,230.23,229.64,66022,2026-07-24
SGFIN,EQ,723.6,658.0,696.05,663.2,2000660,2026-07-24
SGMART,EQ,718.0,670.05,713.55,674.6,1478903,2026-07-24
SHADOWFAX,EQ,217.4,204.25,214.48,218.58,158421094,2026-07-24
SHAHALLOYS,EQ,67.92,66.25,66.56,67.68,4398,2026-07-24
SHAH,EQ,5.13,4.17,4.37,4.74,36638747,2026-07-24
SHAILY,EQ,2982.6,2902.0,2969.7,2952.9,189552,2026-07-24
SHAKTIPUMP,EQ,557.9,534.05,553.0,543.25,624043,2026-07-24
SHALBY,EQ,164.78,159.59,163.1,162.6,37971,2026-07-24
SAHLIBHFI,EQ,79.34,77.7,77.93,79.34,589,2026-07-24
SHALPAINTS,EQ,68.91,60.9,68.9,62.65,553792,2026-07-24
SRD,EQ,38.0,37.0,37.92,37.38,2276,2026-07-24
SHANKARA,EQ,140.56,136.51,140.07,138.99,39054,2026-07-24
BUILDPRO,EQ,1258.0,1205.0,1236.2,1245.0,63942,2026-07-24
SHANTIGEAR,EQ,424.55,412.6,420.0,415.25,22825,2026-07-24
SEIL,EQ,208.0,201.99,203.23,208.37,205325,2026-07-24
SHANTIGOLD,EQ,213.4,204.02,211.29,207.17,1111244,2026-07-24
SHANTI,EQ,7.1,6.62,7.07,6.93,22712,2026-07-24
SHINDL,EQ,162.64,158.0,158.12,162.62,109378,2026-07-24
SHARDACROP,EQ,877.0,855.0,872.95,868.6,81034,2026-07-24
SHARDAMOTR,EQ,834.45,816.45,826.45,829.95,15945,2026-07-24
SHAREINDIA,EQ,194.07,186.5,191.57,193.49,1118621,2026-07-24
SFL,EQ,769.3,742.45,761.95,751.75,160425,2026-07-24
SCPL,EQ,579.75,566.55,570.85,583.35,14665,2026-07-24
SHILCTECH,EQ,4316.9,4096.3,4267.7,4122.0,35241,2026-07-24
SHILPAMED,EQ,614.45,597.5,606.2,603.6,423846,2026-07-24
SCILAL,EQ,41.55,41.05,41.33,41.59,165704,2026-07-24
SCI,EQ,277.2,260.2,275.1,268.6,2357392,2026-07-24
SHIVAUM,EQ,402.0,365.0,391.25,402.35,3725,2026-07-24
SHIVATEX,EQ,156.2,149.06,154.92,150.35,2680,2026-07-24
SBCL,EQ,780.0,735.1,755.7,753.15,329450,2026-07-24
SHOPERSTOP,EQ,380.1,363.2,377.75,380.85,62560,2026-07-24
SHRADHA,EQ,35.0,34.25,34.79,34.66,14478,2026-07-24
SHREEPUSHK,EQ,390.0,381.75,386.85,390.4,33695,2026-07-24
SAPPL,EQ,312.0,291.5,293.55,301.4,770,2026-07-24
SHREECEM,EQ,27000.0,26425.0,26740.0,26825.0,13408,2026-07-24
SHREDIGCEM,EQ,77.22,73.53,76.16,74.89,247680,2026-07-24
SRTL,EQ,41.06,39.8,40.28,40.84,27573,2026-07-24
SHREERAMA,EQ,40.82,39.7,40.18,40.61,35525,2026-07-24
RAMANEWS,EQ,28.97,27.69,28.57,28.48,23096,2026-07-24
RENUKA,EQ,22.4,21.5,22.23,21.68,3308107,2026-07-24
BALAJEE,EQ,28.0,26.5,27.07,27.61,37391,2026-07-24
SHREEJISPG,EQ,627.3,608.25,625.8,616.6,494576,2026-07-24
OSWALSEEDS,EQ,10.25,9.91,10.03,10.19,20078,2026-07-24
SHREYANIND,EQ,141.8,136.0,138.65,137.46,7473,2026-07-24
SHBAJRG,EQ,193.99,181.31,183.93,188.6,4428,2026-07-24
SHRIKRISH,EQ,41.05,39.0,39.32,41.0,1317,2026-07-24
SHRINGARMS,EQ,220.7,215.06,219.66,220.38,396143,2026-07-24
LIQUIDSHRI,EQ,1114.55,1114.54,1114.54,1114.14,24052,2026-07-24
SHRIRAMFIN,EQ,1051.0,992.9,1005.1,1025.8,11775846,2026-07-24
SHRIRAMPPS,EQ,85.44,82.05,85.02,84.08,483789,2026-07-24
SHYAMMETL,EQ,1033.75,1010.35,1027.45,1039.75,132990,2026-07-24
SICAGEN,EQ,50.89,50.0,50.63,50.1,3890,2026-07-24
SICALLOG,EQ,98.86,94.56,97.07,97.49,37753,2026-07-24
ENRIN,EQ,3301.0,3225.0,3240.2,3326.8,338787,2026-07-24
SIEMENS,EQ,3711.6,3622.6,3689.8,3686.3,232607,2026-07-24
SIGMA,EQ,38.5,37.15,38.07,37.9,33904,2026-07-24
SIGNATURE,EQ,785.0,755.0,768.35,767.3,208099,2026-07-24
SIGIND,EQ,45.45,43.2,44.57,43.98,13210,2026-07-24
SIGNPOST,EQ,311.9,300.05,309.4,301.3,103543,2026-07-24
SIKA,EQ,1155.0,1101.1,1139.6,1133.2,24222,2026-07-24
SIKKO,EQ,4.89,4.42,4.7,4.72,529309,2026-07-24
SILINV,EQ,422.0,412.1,414.95,419.15,1555,2026-07-24
SILGO,EQ,74.6,73.0,74.06,74.52,155508,2026-07-24
SILLYMONKS,EQ,16.2,15.46,15.79,15.83,2057,2026-07-24
SILVERTUC,EQ,201.5,187.77,200.14,191.99,428954,2026-07-24
SIMPLEXINF,EQ,240.0,231.5,239.25,236.15,31093,2026-07-24
SINCLAIR,EQ,74.96,73.0,74.77,73.93,12355,2026-07-24
SINDHUTRAD,EQ,24.86,24.07,24.45,24.83,893658,2026-07-24
SINGERIND,EQ,66.9,64.65,65.82,66.89,25790,2026-07-24
SINTERCOM,EQ,82.4,79.0,82.04,80.89,5163,2026-07-24
SIRCA,EQ,395.8,389.0,393.45,393.35,197023,2026-07-24
SIS,EQ,441.05,434.0,437.55,438.7,101463,2026-07-24
SIYSIL,EQ,615.0,595.05,609.45,615.55,34666,2026-07-24
SJS,EQ,2365.5,2245.1,2335.6,2275.2,166714,2026-07-24
SJVN,EQ,67.74,66.81,67.58,67.68,1605432,2026-07-24
SKFINDUS,EQ,2781.0,2722.9,2731.2,2762.2,9990,2026-07-24
SKFINDIA,EQ,1510.7,1450.0,1484.8,1470.8,36573,2026-07-24
SKIPPER,EQ,534.95,519.65,528.65,528.95,290608,2026-07-24
SKMEGGPROD,EQ,332.8,318.2,324.75,322.0,675469,2026-07-24
SKYGOLD,EQ,659.4,633.15,653.7,649.2,587058,2026-07-24
SMARTWORKS,EQ,485.15,471.0,482.55,481.3,36916,2026-07-24
SMCGLOBAL,EQ,77.41,74.78,75.46,77.87,287924,2026-07-24
SMLMAH,EQ,3903.4,3766.0,3844.4,3899.3,58187,2026-07-24
SMSPHARMA,EQ,386.0,378.3,381.1,384.65,48295,2026-07-24
SNOWMAN,EQ,37.0,35.47,36.4,35.88,159644,2026-07-24
SOBHA,EQ,1375.0,1325.7,1362.3,1376.1,295336,2026-07-24
SOLARINDS,EQ,18619.0,18333.0,18494.0,18621.0,75835,2026-07-24
SOLARA,EQ,529.7,487.0,491.95,523.75,612629,2026-07-24
SOLARWORLD,EQ,203.19,194.61,201.93,198.85,118896,2026-07-24
SOLEX,EQ,950.4,917.1,938.0,933.2,16680,2026-07-24
SDBL,EQ,73.22,71.47,72.89,73.38,746821,2026-07-24
SOMATEX,EQ,104.95,100.05,101.06,101.06,9022,2026-07-24
SOMANYCERA,EQ,498.0,483.3,496.7,490.2,32186,2026-07-24
SOMICONVEY,EQ,98.99,95.23,97.31,98.43,8768,2026-07-24
SONACOMS,EQ,741.65,705.0,717.95,719.75,8733705,2026-07-24
SONAMLTD,EQ,54.8,52.6,53.01,53.43,21906,2026-07-24
SONATSOFTW,EQ,292.0,280.5,288.1,287.4,829035,2026-07-24
SOUTHWEST,EQ,234.65,229.25,233.67,236.19,136429,2026-07-24
SPCENET,EQ,3.59,3.46,3.51,3.59,311769,2026-07-24
SPANDANA,EQ,288.0,257.8,261.5,292.25,1984220,2026-07-24
SPECIALITY,EQ,139.99,133.24,137.73,137.93,52855,2026-07-24
SPECTRUM,EQ,2363.3,2203.6,2281.6,2331.0,64610,2026-07-24
SPENCERS,EQ,34.99,32.41,33.06,34.35,145222,2026-07-24
SPIC,EQ,65.06,63.8,64.94,64.78,148083,2026-07-24
SPLIL,EQ,32.39,30.84,31.25,31.74,2620,2026-07-24
SPMLINFRA,EQ,201.0,194.0,199.39,198.71,136563,2026-07-24
SPORTKING,EQ,215.49,204.17,213.74,206.87,591817,2026-07-24
SHRIPISTON,EQ,4270.0,4121.5,4159.9,4277.9,58423,2026-07-24
SRHHYPOLTD,EQ,482.1,475.1,477.85,482.0,4090,2026-07-24
SREEL,EQ,232.0,219.01,227.97,222.71,33290,2026-07-24
SRF,EQ,2698.0,2635.8,2664.7,2622.7,1246513,2026-07-24
SRGHFL,EQ,335.0,303.25,309.5,305.65,37144,2026-07-24
HAVISHA,EQ,1.26,1.18,1.23,1.23,21708,2026-07-24
LOTUSDEV,EQ,180.9,174.5,180.39,173.57,13259101,2026-07-24
SRM,EQ,512.9,487.1,507.6,502.45,75111,2026-07-24
STALLION,EQ,251.3,240.0,241.9,253.22,2228655,2026-07-24
SETL,EQ,284.6,272.65,272.7,286.95,817269,2026-07-24
SIL,EQ,16.39,15.81,15.89,15.95,7966,2026-07-24
STANLEY,EQ,155.0,152.4,153.85,154.18,61432,2026-07-24
STARCEMENT,EQ,205.39,201.83,204.88,204.01,86528,2026-07-24
STARHEALTH,EQ,589.55,570.1,580.8,577.0,328746,2026-07-24
STARPAPER,EQ,151.99,145.0,147.75,149.57,24544,2026-07-24
STARTECK,EQ,269.0,264.3,266.2,264.7,9374,2026-07-24
SBIN,EQ,1017.8,1000.8,1015.0,1012.6,13797053,2026-07-24
SAIL,EQ,162.8,158.01,161.45,160.91,8938065,2026-07-24
STEELCITY,EQ,75.99,73.0,74.36,75.79,20280,2026-07-24
STEELXIND,EQ,11.7,11.07,11.57,11.43,1337561,2026-07-24
SSWL,EQ,291.5,277.2,288.31,286.73,1012687,2026-07-24
STEELCAS,EQ,310.9,304.0,306.65,310.45,19567,2026-07-24
STEL,EQ,559.95,532.8,555.55,547.45,1765,2026-07-24
SGL,EQ,9.94,9.63,9.74,9.86,6788,2026-07-24
STOVEKRAFT,EQ,779.0,735.4,773.4,745.6,66837,2026-07-24
STAR,EQ,1034.4,1014.6,1020.0,1031.6,80520,2026-07-24
SWSOLAR,EQ,208.9,200.11,207.93,206.36,1091125,2026-07-24
STUDDS,EQ,460.0,438.6,450.6,442.6,41021,2026-07-24
STYLAMIND,EQ,3478.3,3281.1,3416.8,3391.9,227223,2026-07-24
STYRENIX,EQ,2494.3,2403.5,2455.0,2432.8,71766,2026-07-24
SUBROS,EQ,787.0,759.65,781.95,776.3,33068,2026-07-24
SUDARSCHEM,EQ,1044.8,989.05,1041.05,1014.9,140933,2026-07-24
SUDARCOLOR,EQ,362.0,349.6,360.6,358.3,4448,2026-07-24
SUDEEPPHRM,EQ,832.0,806.0,825.15,815.3,125532,2026-07-24
SUKHJITS,EQ,164.62,154.41,159.43,162.16,12665,2026-07-24
SULA,EQ,151.44,147.81,149.79,149.34,325048,2026-07-24
SUMEETINDS,EQ,28.77,28.77,28.77,30.28,16684,2026-07-24
SUMICHEM,EQ,530.1,515.0,520.45,531.05,280141,2026-07-24
SUMMITSEC,EQ,1499.9,1453.0,1482.8,1486.8,657,2026-07-24
SPARC,EQ,217.77,211.62,216.23,214.48,947229,2026-07-24
SUNPHARMA,EQ,1959.8,1934.8,1941.1,1954.0,1578929,2026-07-24
SUNTV,EQ,492.45,481.75,486.9,488.65,136971,2026-07-24
SUNCLAY,EQ,1404.0,1350.6,1363.2,1364.0,2150,2026-07-24
SUNDARMFIN,EQ,4463.0,4343.0,4447.8,4415.5,50414,2026-07-24
SUNDARAM,EQ,1.31,1.27,1.28,1.29,186814,2026-07-24
SUNDRMFAST,EQ,954.0,935.0,940.6,946.45,158031,2026-07-24
SUNDROP,EQ,692.4,672.35,687.05,692.4,12738,2026-07-24
SUNFLAG,EQ,351.9,340.45,348.7,349.6,129423,2026-07-24
SUNTECK,EQ,310.15,300.5,306.25,302.6,467373,2026-07-24
SUPERHOUSE,EQ,161.8,151.0,154.97,157.41,22960,2026-07-24
SUPRAJIT,EQ,488.45,467.0,484.45,487.5,80033,2026-07-24
SUPREME,EQ,45.78,44.21,45.27,44.53,12488,2026-07-24
SUPREMEIND,EQ,3499.0,3380.1,3458.9,3417.0,129919,2026-07-24
SUPREMEINF,EQ,85.31,82.0,82.53,85.31,82318,2026-07-24
SPLPETRO,EQ,756.75,735.0,741.6,735.45,210520,2026-07-24
SUPRIYA,EQ,846.0,820.0,840.5,832.9,112250,2026-07-24
SURAJEST,EQ,194.54,190.0,193.56,194.54,19357,2026-07-24
SURAJLTD,EQ,223.26,210.5,221.3,230.47,1526,2026-07-24
SURAKSHA,EQ,263.7,240.4,252.95,259.65,144138,2026-07-24
SURANASOL,EQ,26.49,25.81,26.26,26.14,65632,2026-07-24
SURANAT&P,EQ,18.39,18.05,18.25,18.22,53845,2026-07-24
SBGLP,EQ,25.84,24.25,24.42,25.15,10415,2026-07-24
SURYAROSNI,EQ,242.0,232.8,237.95,235.5,413128,2026-07-24
SURYALAXMI,EQ,58.99,55.11,57.51,56.48,2240,2026-07-24
SURYALA,EQ,447.9,430.3,440.0,443.05,2182,2026-07-24
SURYODAY,EQ,218.0,189.05,193.1,194.31,78669391,2026-07-24
SUVEN,EQ,320.05,311.2,316.0,317.0,588295,2026-07-24
SUVIDHAA,EQ,2.63,2.41,2.5,2.51,81859,2026-07-24
SUYOG,EQ,859.9,820.05,850.45,841.1,16747,2026-07-24
SUZLON,EQ,52.58,51.79,52.28,52.39,45263052,2026-07-24
SWANCORP,EQ,312.05,304.0,310.3,308.2,449427,2026-07-24
SWARAJENG,EQ,3593.2,3525.0,3569.0,3576.6,8115,2026-07-24
SWELECTES,EQ,617.3,596.6,613.3,604.15,18366,2026-07-24
SWIGGY,EQ,259.27,242.51,251.42,261.55,34389852,2026-07-24
SYMPHONY,EQ,684.45,670.0,676.85,679.75,71198,2026-07-24
SYNCOMF,EQ,13.25,12.79,13.09,13.15,1233461,2026-07-24
SGIL,EQ,602.0,585.05,596.3,597.75,4731,2026-07-24
SYNGENE,EQ,408.25,399.0,406.65,403.25,777845,2026-07-24
SYRMA,EQ,1368.0,1272.1,1288.3,1380.0,1098492,2026-07-24
TTL,EQ,6.5,6.22,6.37,6.4,139192,2026-07-24
TAALTECH,EQ,3930.0,3800.0,3816.1,3902.0,1463,2026-07-24
TAINWALCHM,EQ,205.0,197.52,201.87,202.92,2745,2026-07-24
TAJGVK,EQ,361.95,351.6,359.9,362.6,69629,2026-07-24
TAKE,EQ,21.0,20.56,20.79,20.77,164538,2026-07-24
TALBROAUTO,EQ,396.0,386.95,391.75,395.2,94804,2026-07-24
TMB,EQ,808.95,788.0,804.5,799.4,100157,2026-07-24
TNPL,EQ,153.0,149.01,149.75,151.44,293288,2026-07-24
TNPETRO,EQ,95.82,93.22,95.0,95.07,49037,2026-07-24
TNTELE,EQ,9.23,8.89,9.14,8.88,19736,2026-07-24
TANLA,EQ,626.85,593.1,599.75,618.5,3415846,2026-07-24
TARACHAND,EQ,55.35,53.56,54.99,55.16,78706,2026-07-24
TARAPUR,EQ,18.23,17.69,18.16,18.02,16944,2026-07-24
TARC,EQ,131.9,124.9,131.45,130.7,970224,2026-07-24
TARMAT,EQ,51.0,49.54,50.95,49.95,12831,2026-07-24
TARSONS,EQ,317.85,310.0,312.75,316.55,157009,2026-07-24
TASTYBITE,EQ,9201.5,8956.5,8999.0,9187.0,1308,2026-07-24
TATACAP,EQ,343.35,335.65,341.9,341.45,900008,2026-07-24
TATACHEM,EQ,689.0,675.5,685.35,679.4,264678,2026-07-24
TATACOMM,EQ,1799.9,1751.7,1775.3,1800.7,187353,2026-07-24
TCS,EQ,2264.3,2205.1,2254.3,2242.9,3211699,2026-07-24
TATACONSUM,EQ,1117.1,1079.0,1088.0,1107.7,1644917,2026-07-24
TATAELXSI,EQ,3556.6,3353.9,3538.0,3387.6,1304975,2026-07-24
TATAINVEST,EQ,634.95,621.15,630.75,632.2,141003,2026-07-24
TMCV,EQ,407.9,398.0,406.15,407.9,4173312,2026-07-24
TMPV,EQ,325.75,318.25,323.8,324.3,7171058,2026-07-24
TATAPOWER,EQ,375.75,371.4,374.4,376.15,1700724,2026-07-24
TATASTEEL,EQ,183.52,181.2,182.67,184.23,16117953,2026-07-24
TATATECH,EQ,714.6,690.0,711.0,696.25,536734,2026-07-24
TTML,EQ,40.5,38.75,39.38,39.4,3130193,2026-07-24
NETF,EQ,266.44,256.53,258.92,259.95,2009,2026-07-24
NPBET,EQ,283.67,279.47,282.47,283.11,592,2026-07-24
TNIDETF,EQ,85.0,82.5,84.04,83.57,99742,2026-07-24
TATAGOLD,EQ,13.99,13.66,13.86,13.95,31447302,2026-07-24
TATSILV,EQ,21.5,20.89,21.41,21.43,42199738,2026-07-24
TATVA,EQ,1729.0,1658.4,1722.4,1700.8,156269,2026-07-24
TBOTEK,EQ,1444.3,1400.1,1429.0,1436.1,32920,2026-07-24
TCC,EQ,280.0,270.2,271.95,277.45,17525,2026-07-24
TCIEXP,EQ,565.0,550.0,561.15,562.3,22177,2026-07-24
TCPLPACK,EQ,3299.9,3193.5,3226.5,3281.5,4068,2026-07-24
TDPOWERSYS,EQ,1144.0,1110.0,1113.6,1139.4,634662,2026-07-24
TEAMGTY,EQ,239.75,220.5,226.72,225.88,346,2026-07-24
TEAMLEASE,EQ,1330.0,1301.0,1313.7,1311.8,21023,2026-07-24
TPHQ,EQ,0.42,0.4,0.4,0.41,697835,2026-07-24
TECHM,EQ,1579.8,1531.1,1559.5,1555.8,1231512,2026-07-24
TECHNOE,EQ,1004.0,985.4,991.8,995.2,102586,2026-07-24
TIIL,EQ,2607.8,2520.5,2566.5,2565.9,5238,2026-07-24
TECHNVISN,EQ,5315.8,4515.1,5074.5,4429.9,26430,2026-07-24
TECILCHEM,EQ,10.5,9.0,9.96,9.8,1614,2026-07-24
TEGA,EQ,1581.9,1539.2,1560.3,1555.8,65882,2026-07-24
TEJASNET,EQ,503.95,488.05,495.4,497.3,1817857,2026-07-24
TEMBO,EQ,540.8,524.45,530.4,532.25,38991,2026-07-24
TENNIND,EQ,546.35,535.0,539.95,543.4,243226,2026-07-24
TERASOFT,EQ,397.45,378.15,393.7,382.35,10145,2026-07-24
TEXINFRA,EQ,113.86,111.0,112.42,113.51,61157,2026-07-24
TEXRAIL,EQ,110.99,106.75,110.08,109.1,969916,2026-07-24
TEXMOPIPES,EQ,43.81,42.0,43.04,42.8,11083,2026-07-24
TGBHOTELS,EQ,8.9,8.4,8.56,8.91,56827,2026-07-24
THAKDEV,EQ,157.79,155.7,155.7,150.72,51,2026-07-24
THANGAMAYL,EQ,7015.0,6742.0,6906.5,6871.0,180944,2026-07-24
ANUP,EQ,2150.0,2068.6,2119.6,2107.0,15972,2026-07-24
GESHIP,EQ,1449.0,1419.3,1437.9,1441.9,188630,2026-07-24
GROBTEA,EQ,899.8,883.0,899.8,887.75,19,2026-07-24
INDIACEM,EQ,409.45,397.7,407.0,408.2,168482,2026-07-24
INDHOTEL,EQ,728.6,713.25,727.45,724.05,1864296,2026-07-24
THEINVEST,EQ,97.0,93.32,95.21,97.02,3978,2026-07-24
NIACL,EQ,175.99,169.2,173.2,173.06,560258,2026-07-24
PKTEA,EQ,728.0,605.0,677.15,743.4,2063,2026-07-24
PHOENIXLTD,EQ,2035.4,1978.3,2010.7,2035.6,1100435,2026-07-24
RAMCOCEM,EQ,918.0,902.0,914.8,915.1,34800,2026-07-24
SOUTHBANK,EQ,47.5,45.9,46.52,47.5,11314533,2026-07-24
STCINDIA,EQ,118.5,115.23,117.89,116.83,27183,2026-07-24
UGARSUGAR,EQ,39.97,38.8,39.72,39.16,76448,2026-07-24
WIPL,EQ,171.0,163.0,165.06,164.8,683,2026-07-24
THEJO,EQ,1935.0,1851.2,1898.8,1875.4,1775,2026-07-24
THEMISMED,EQ,110.7,106.23,109.86,107.79,43055,2026-07-24
THERMAX,EQ,4573.0,4465.5,4514.0,4578.0,88245,2026-07-24
TIRUMALCHM,EQ,170.69,165.92,167.74,167.78,332948,2026-07-24
THOMASCOOK,EQ,99.96,97.08,97.85,100.29,992594,2026-07-24
THOMASCOTT,EQ,313.0,284.15,307.05,288.35,36520,2026-07-24
THYROCARE,EQ,597.6,543.0,564.25,545.25,12158394,2026-07-24
TIJARIA,EQ,4.74,4.21,4.64,4.31,225966,2026-07-24
TIL,EQ,215.5,202.24,211.39,205.77,112645,2026-07-24
TI,EQ,444.7,429.95,441.8,437.95,422361,2026-07-24
TIMETECHNO,EQ,202.03,195.6,201.26,200.03,2688187,2026-07-24
TIMEX,EQ,581.0,559.6,578.85,573.75,175926,2026-07-24
TIMKEN,EQ,3168.0,3053.8,3127.0,3083.1,77943,2026-07-24
TINNARUBR,EQ,1123.65,1061.0,1098.85,1078.6,128094,2026-07-24
TIPSFILMS,EQ,434.9,391.1,409.15,375.1,390502,2026-07-24
TIPSMUSIC,EQ,722.55,667.45,699.45,676.6,3378998,2026-07-24
TITAGARH,EQ,822.9,792.0,819.45,815.5,387023,2026-07-24
TITAN,EQ,4697.0,4604.1,4677.0,4697.3,513858,2026-07-24
TOLINS,EQ,105.0,100.6,102.7,102.98,43907,2026-07-24
TORNTPHARM,EQ,5049.9,4951.7,4961.5,5065.2,262189,2026-07-24
TORNTPOWER,EQ,1442.3,1410.5,1434.1,1430.0,509230,2026-07-24
TOTAL,EQ,51.39,49.05,49.98,49.47,2594,2026-07-24
TOUCHWOOD,EQ,67.4,66.0,67.29,66.21,331,2026-07-24
TFCILTD,EQ,88.2,79.94,87.27,82.09,24964652,2026-07-24
TPLPLASTEH,EQ,77.72,75.26,76.9,76.8,125636,2026-07-24
TRACXN,EQ,30.32,29.51,29.7,29.99,74556,2026-07-24
TARIL,EQ,296.6,288.1,295.0,293.7,2073057,2026-07-24
TREL,EQ,24.75,23.8,24.32,24.27,50283,2026-07-24
TRANSPEK,EQ,1085.0,1001.0,1064.9,1022.1,12644,2026-07-24
TCI,EQ,935.1,913.5,917.75,930.1,18864,2026-07-24
TRANSRAILL,EQ,485.9,473.6,482.7,480.95,314503,2026-07-24
TFL,EQ,10.95,10.21,10.41,10.66,16946,2026-07-24
TRAVELFOOD,EQ,1291.0,1255.5,1286.3,1279.2,12291,2026-07-24
TREEHOUSE,EQ,6.48,6.03,6.35,6.16,33354,2026-07-24
TREJHARA,EQ,142.47,136.6,138.75,141.47,3389,2026-07-24
TRENT,EQ,2913.0,2836.0,2890.5,2874.8,654165,2026-07-24
TRF,EQ,236.44,229.71,232.96,232.52,33968,2026-07-24
TBZ,EQ,267.3,256.14,258.89,266.67,951116,2026-07-24
TRIDENT,EQ,25.24,24.71,25.12,25.19,4673170,2026-07-24
TRIGYN,EQ,55.45,53.53,54.5,54.01,6543,2026-07-24
TRITURBINE,EQ,618.0,599.3,611.8,609.55,253366,2026-07-24
TRUALT,EQ,439.0,426.5,428.95,431.9,287154,2026-07-24
TRU,EQ,5.08,4.72,4.88,4.88,78567,2026-07-24
TSFINV,EQ,436.0,424.85,432.8,434.75,52916,2026-07-24
TTKHLTCARE,EQ,1060.0,1006.6,1047.2,1012.55,29893,2026-07-24
TTKPRESTIG,EQ,650.0,631.0,643.35,645.75,30308,2026-07-24
TIINDIA,EQ,2821.1,2746.6,2767.0,2824.5,361452,2026-07-24
TURTLEMINT,EQ,130.76,123.53,130.07,127.11,1109049,2026-07-24
TVTODAY,EQ,117.6,114.4,116.45,115.84,33664,2026-07-24
TVVISION,EQ,4.76,4.6,4.7,4.76,9385,2026-07-24
TVSELECT,EQ,502.0,486.25,496.65,489.95,43555,2026-07-24
TVSHLTD,EQ,14810.0,14430.0,14633.0,14807.0,7356,2026-07-24
TVSMOTOR,EQ,3899.9,3823.3,3870.2,3919.8,1226472,2026-07-24
TVSSRICHAK,EQ,3998.0,3882.0,3964.2,3921.2,1378,2026-07-24
TVSSCS,EQ,133.7,129.22,133.13,132.28,401846,2026-07-24
UYFINCORP,EQ,19.29,18.22,18.57,19.25,423697,2026-07-24
UCAL,EQ,115.98,114.5,114.9,116.28,2361,2026-07-24
UCOBANK,EQ,25.95,25.28,25.88,26.0,4743797,2026-07-24
USK,EQ,21.85,21.4,21.75,21.8,5306,2026-07-24
UFLEX,EQ,484.7,470.0,478.5,485.2,229366,2026-07-24
UFO,EQ,67.69,66.3,67.02,67.27,15194,2026-07-24
UGROCAP,EQ,93.52,91.36,92.77,93.78,182903,2026-07-24
UEL,EQ,123.29,117.51,119.98,119.58,2491,2026-07-24
UJJIVANSFB,EQ,71.5,67.91,70.72,68.78,68534652,2026-07-24
ULTRAMAR,EQ,385.0,376.15,379.5,385.05,15894,2026-07-24
ULTRACEMCO,EQ,11899.0,11690.0,11846.0,11908.0,229015,2026-07-24
UMIYA-MRO,EQ,90.0,88.02,89.29,89.15,3853,2026-07-24
UNICHEMLAB,EQ,542.45,526.1,537.35,531.05,63182,2026-07-24
UNIECOM,EQ,84.5,83.1,84.38,84.46,183251,2026-07-24
UNIMECH,EQ,1247.9,1190.0,1237.4,1215.3,80383,2026-07-24
UNIONBANK,EQ,171.5,165.81,170.5,168.4,13551971,2026-07-24
UNIONGOLD,EQ,141.65,136.2,139.5,140.3,2441,2026-07-24
UNIPARTS,EQ,692.0,660.0,689.5,673.0,80350,2026-07-24
UNIENTER,EQ,103.99,96.7,98.27,98.08,2791,2026-07-24
UNITECH,EQ,4.47,4.34,4.38,4.48,4870402,2026-07-24
UBL,EQ,1423.0,1388.0,1398.6,1397.7,155336,2026-07-24
UFBL,EQ,691.0,625.2,674.85,658.1,224855,2026-07-24
UNITEDTEA,EQ,486.05,464.6,469.8,483.3,3032,2026-07-24
UNITDSPR,EQ,1480.0,1410.5,1467.2,1418.0,3954221,2026-07-24
UNIVCABLES,EQ,1245.0,1172.0,1234.8,1204.3,122846,2026-07-24
UNOMINDA,EQ,1132.3,1101.1,1127.0,1129.9,1004753,2026-07-24
UDS,EQ,209.0,198.1,201.19,208.14,360035,2026-07-24
UPL,EQ,604.9,594.95,602.45,607.0,622872,2026-07-24
URBANCO,EQ,130.14,126.8,129.76,130.58,1214127,2026-07-24
URJA,EQ,9.26,8.94,9.22,9.05,843060,2026-07-24
UMESLTD,EQ,5.5,5.36,5.39,5.38,1451,2026-07-24
USHAMART,EQ,499.95,488.8,495.7,496.4,330938,2026-07-24
UTIAMC,EQ,906.95,876.0,881.4,904.05,1009475,2026-07-24
LIQUIDBETA,EQ,1001.58,1001.57,1001.57,1001.18,1697,2026-07-24
BANKBETA,EQ,58.82,57.18,58.74,58.65,210059,2026-07-24
GILT10BETA,EQ,26.72,26.27,26.69,26.44,8727,2026-07-24
GILT5BETA,EQ,66.68,66.3,66.67,66.11,179,2026-07-24
ITBETA,EQ,303.83,297.82,303.03,300.65,438,2026-07-24
MIDCAPBETA,EQ,231.01,226.0,227.86,229.87,1868,2026-07-24
NEXT50BETA,EQ,78.0,76.75,77.75,77.48,71409,2026-07-24
NIFTYBETA,EQ,264.4,262.25,263.98,264.78,41566,2026-07-24
SENSEXBETA,EQ,847.84,837.31,843.04,846.03,2463,2026-07-24
SILVERBETA,EQ,213.22,208.57,212.92,213.06,220970,2026-07-24
SNXT50BETA,EQ,93.1,92.01,92.64,92.83,1420,2026-07-24
GOLDBETA,EQ,123.9,118.15,120.05,120.9,334067,2026-07-24
UTKARSHBNK,EQ,14.53,14.15,14.45,14.46,3841832,2026-07-24
UTTAMSUGAR,EQ,229.39,225.74,228.46,228.73,39135,2026-07-24
VGUARD,EQ,294.0,288.8,290.8,294.4,251907,2026-07-24
V2RETAIL,EQ,221.94,216.09,219.29,220.21,459515,2026-07-24
WABAG,EQ,2067.2,2011.0,2041.2,2057.3,318035,2026-07-24
VADILALIND,EQ,6774.0,6627.0,6710.5,6749.5,6278,2026-07-24
VAIBHAVGBL,EQ,254.39,245.64,251.94,254.99,649583,2026-07-24
VAKRANGEE,EQ,5.89,5.68,5.81,5.76,1065096,2026-07-24
VHL,EQ,3570.0,3450.0,3503.3,3477.6,564,2026-07-24
VARDMNPOLY,EQ,6.11,5.96,6.01,6.11,133102,2026-07-24
VSSL,EQ,298.4,288.85,296.25,297.7,99167,2026-07-24
VTL,EQ,620.0,598.05,614.6,610.1,130927,2026-07-24
VARROC,EQ,646.6,629.55,642.75,640.75,197767,2026-07-24
VBL,EQ,459.5,451.15,457.2,459.05,2597541,2026-07-24
VGL,EQ,63.28,60.62,61.2,62.11,14908,2026-07-24
VASWANI,EQ,53.4,51.5,52.52,52.37,12896,2026-07-24
VCL,EQ,1.05,0.99,0.99,1.02,200714,2026-07-24
MANYAVAR,EQ,406.9,396.0,402.3,402.15,99319,2026-07-24
VAML,EQ,439.95,427.1,435.6,436.85,4905988,2026-07-24
VISL,EQ,31.25,30.2,30.35,31.1,32371875,2026-07-24
VEDL,EQ,266.05,260.1,264.65,264.6,6744189,2026-07-24
VOGL,EQ,34.52,32.12,34.23,32.78,42802896,2026-07-24
VEDPOWER,EQ,35.42,33.88,35.01,34.65,20588022,2026-07-24
VEEDOL,EQ,1409.0,1384.0,1398.8,1396.3,4754,2026-07-24
VENKEYS,EQ,1534.8,1490.1,1505.2,1508.5,54554,2026-07-24
VENTIVE,EQ,623.85,601.2,617.75,615.3,14839,2026-07-24
VENUSPIPES,EQ,1714.9,1658.9,1700.1,1683.3,62206,2026-07-24
VERANDA,EQ,235.19,230.0,233.78,236.62,64532,2026-07-24
VESUVIUS,EQ,453.85,441.05,452.3,446.3,25481,2026-07-24
VSTL,EQ,111.97,109.32,111.14,109.94,5999,2026-07-24
VIDHIING,EQ,315.0,300.15,310.55,304.45,29756,2026-07-24
VIDYAWIRES,EQ,89.89,86.41,88.54,88.05,957456,2026-07-24
VIJAYA,EQ,1322.3,1291.0,1313.9,1318.8,46949,2026-07-24
VIKASECO,EQ,1.14,1.1,1.11,1.1,2160292,2026-07-24
VIKASLIFE,EQ,1.36,1.28,1.31,1.28,3308484,2026-07-24
VIKRAMSOLR,EQ,183.28,179.5,182.8,183.75,1004475,2026-07-24
VIKRAN,EQ,71.6,70.01,71.43,71.82,934117,2026-07-24
VIMTALABS,EQ,574.8,553.0,570.45,563.5,257296,2026-07-24
VINATIORGA,EQ,1309.0,1275.9,1300.1,1291.6,27386,2026-07-24
VINDHYATEL,EQ,1900.9,1810.0,1886.0,1851.8,16872,2026-07-24
VINNY,EQ,1.09,1.06,1.07,1.08,123100,2026-07-24
VINCOFE,EQ,157.2,154.55,156.18,156.53,1501128,2026-07-24
VINYLINDIA,EQ,243.0,236.35,242.65,242.0,8317,2026-07-24
VIPIND,EQ,296.7,288.0,295.4,290.85,147769,2026-07-24
VIRINCHI,EQ,15.8,15.12,15.53,15.63,32597,2026-07-24
VOEPL,EQ,512.95,480.65,484.05,498.6,136848,2026-07-24
VIVIDHA,EQ,0.54,0.51,0.53,0.51,332341,2026-07-24
VISAKAIND,EQ,80.6,79.01,79.85,80.24,63946,2026-07-24
VMM,EQ,109.3,106.8,108.04,109.87,11375041,2026-07-24
VISHNU,EQ,634.75,611.5,632.4,620.7,132409,2026-07-24
VISHWARAJ,EQ,5.27,5.1,5.19,5.26,138587,2026-07-24
VIYASH,EQ,254.75,248.0,250.9,253.25,926335,2026-07-24
VLSFINANCE,EQ,255.4,252.05,253.5,254.05,3068,2026-07-24
VMART,EQ,792.3,715.0,724.65,759.7,1110278,2026-07-24
IDEA,EQ,13.18,12.76,13.13,13.2,382797982,2026-07-24
VOLTAMP,EQ,9280.0,9110.0,9180.0,9304.0,21326,2026-07-24
VOLTAS,EQ,1333.2,1291.0,1327.3,1310.2,569448,2026-07-24
VRAJ,EQ,132.0,122.11,129.21,131.75,44159,2026-07-24
VRLLOG,EQ,248.42,237.0,243.11,241.4,483055,2026-07-24
VSTIND,EQ,232.95,226.55,230.05,227.9,338023,2026-07-24
VSTTILLERS,EQ,4484.1,4355.2,4416.7,4412.0,5308,2026-07-24
WPIL,EQ,507.9,431.75,450.45,442.55,686898,2026-07-24
WSI,EQ,63.29,60.1,62.31,61.4,86023,2026-07-24
WAAREEENER,EQ,2718.0,2678.0,2702.0,2711.8,431356,2026-07-24
WAAREERTL,EQ,950.3,920.6,932.0,943.4,276473,2026-07-24
WAKEFIT,EQ,137.16,123.25,129.7,134.18,17371629,2026-07-24
WALCHANNAG,EQ,239.85,232.9,237.1,237.7,430554,2026-07-24
WANBURY,EQ,334.85,323.5,331.9,329.3,190197,2026-07-24
CORDELIA,EQ,825.0,801.1,806.4,826.65,262312,2026-07-24
TWCGOLDETF,EQ,144.09,141.0,142.45,143.38,1812,2026-07-24
WEALTH,EQ,974.9,925.1,940.25,962.35,2809,2026-07-24
WEBELSOLAR,EQ,100.56,97.86,99.77,100.16,1370328,2026-07-24
WEIZMANIND,EQ,79.36,76.8,77.19,78.0,881,2026-07-24
WELCORP,EQ,1622.4,1566.2,1596.9,1612.8,843386,2026-07-24
WELENT,EQ,604.3,591.1,598.8,602.0,112104,2026-07-24
WELSPUNLIV,EQ,163.91,160.31,162.0,164.99,855247,2026-07-24
WELSPLSOL,EQ,51.98,48.75,51.3,49.35,752175,2026-07-24
WENDT,EQ,8295.5,7300.0,8074.5,7426.0,43930,2026-07-24
WSTCSTPAPR,EQ,562.15,543.5,553.55,560.7,272324,2026-07-24
WCIL,EQ,90.38,88.1,89.98,89.24,39052,2026-07-24
WESTLIFE,EQ,476.85,454.5,459.15,477.8,192069,2026-07-24
WEWORK,EQ,714.9,686.6,711.95,700.0,100600,2026-07-24
WHEELS,EQ,1450.9,1410.2,1441.7,1445.2,51097,2026-07-24
WHIRLPOOL,EQ,774.1,757.25,771.45,770.75,138135,2026-07-24
WILLAMAGOR,EQ,26.46,25.01,25.27,25.5,186,2026-07-24
WINDLAS,EQ,863.95,835.55,857.95,861.45,31663,2026-07-24
WINDMACHIN,EQ,295.7,285.0,292.2,291.35,23870,2026-07-24
WIPRO,EQ,177.9,172.8,177.12,174.82,13282944,2026-07-24
WOCKPHARMA,EQ,1859.0,1825.7,1849.2,1849.7,330095,2026-07-24
WEL,EQ,110.0,98.54,107.24,101.45,435717,2026-07-24
WONDERLA,EQ,470.85,456.2,468.75,464.6,50265,2026-07-24
WORTHPERI,EQ,145.0,138.67,142.83,140.77,10071,2026-07-24
XCHANGING,EQ,64.5,62.7,64.04,63.91,92873,2026-07-24
XELPMOC,EQ,82.2,76.0,81.19,80.47,27473,2026-07-24
XPROINDIA,EQ,1400.0,1329.1,1386.2,1351.5,12812,2026-07-24
XTGLOBAL,EQ,28.25,27.05,27.99,28.25,133769,2026-07-24
YASHO,EQ,3120.0,3030.0,3072.0,3079.0,9430,2026-07-24
YATHARTH,EQ,849.85,825.2,838.8,841.6,148599,2026-07-24
YATRA,EQ,108.21,105.21,107.67,107.45,644181,2026-07-24
YESBANK,EQ,23.02,22.64,22.95,22.93,53804519,2026-07-24
YUKEN,EQ,719.5,703.6,708.25,709.75,2722,2026-07-24
ZFSTEERING,EQ,798.9,652.1,694.15,665.95,47046,2026-07-24
ZAGGLE,EQ,202.32,198.9,199.97,201.15,676394,2026-07-24
ZEEL,EQ,106.9,101.2,105.46,103.42,13489797,2026-07-24
ZEEMEDIA,EQ,8.0,7.79,7.97,7.87,393336,2026-07-24
ZENTEC,EQ,1792.0,1746.0,1768.7,1800.7,228777,2026-07-24
ZENITHEXPO,EQ,202.0,190.4,200.17,198.9,197,2026-07-24
ZENITHSTL,EQ,6.19,5.51,5.83,5.66,217603,2026-07-24
ZENSARTECH,EQ,510.0,484.0,505.9,487.05,4472153,2026-07-24
GOLDCASE,EQ,23.0,22.08,22.44,22.58,8766720,2026-07-24
LIQUIDCASE,EQ,115.18,115.16,115.17,115.13,15621206,2026-07-24
LTGILTCASE,EQ,30.55,30.28,30.45,30.45,34187,2026-07-24
MID150CASE,EQ,11.45,11.21,11.42,11.42,1537999,2026-07-24
NIFTYCASE,EQ,9.82,9.47,9.54,9.59,1283569,2026-07-24
SILVERCASE,EQ,23.05,21.87,22.32,22.37,5824827,2026-07-24
SML100CASE,EQ,10.81,10.6,10.71,10.73,1171677,2026-07-24
TOP100CASE,EQ,10.55,10.32,10.43,10.46,832153,2026-07-24
ZFCVINDIA,EQ,2386.0,2260.0,2320.6,2365.8,319971,2026-07-24
ZODIACLOTH,EQ,76.0,74.16,75.84,76.15,3968,2026-07-24
ZOTA,EQ,1294.0,1244.2,1258.4,1296.4,50694,2026-07-24
ZUARI,EQ,224.99,215.25,219.86,220.7,79247,2026-07-24
ZUARIIND,EQ,259.8,251.2,257.0,256.1,16395,2026-07-24
ZYDUSLIFE,EQ,1119.6,1099.0,1108.7,1113.8,837032,2026-07-24
ZYDUSWELL,EQ,567.95,544.05,563.05,550.9,212435,2026-07-24
